trade_id,symbol,side,quantity,entry_price,exit_price,entry_time,exit_time,pnl,pnl_percent,net_pnl,commission,swap,stop_loss,take_profit,result,exit_reason,strategy_name,magic_number,duration_minutes,r_multiple,notes,month
d827bac4-a10d-4ef5-a159-6d2e0c83439d,EURUSD,short,1.2000000000000002,1.1296499999999998,1.1305100000000001,2022-01-03T14:51:00,2022-01-03 19:02:00,-103.20000000003661,0.0,-106.20000000003661,3.0,0.0,1.13046,1.1274199999999996,loss,sl,ORB,0,251.0,-106172.83950618435,,2022-01
33af26d5-0512-4820-aa4a-a211e1208d44,EURUSD,long,1.0,1.12789,1.1305499999999993,2022-01-04T08:19:00,2022-01-04 10:23:00,265.99999999992184,0.0,262.99999999992184,3.0,0.0,1.1269200000000001,1.1305999999999994,win,tp,ORB,0,124.0,274226.80412365467,,2022-01
d281e143-4e7c-496c-be02-42bde6c69c02,EURUSD,short,0.5,1.13044,1.13255,2022-01-05T08:15:00,2022-01-05 08:49:00,-105.50000000000281,0.0,-108.50000000000281,3.0,0.0,1.1324999999999998,1.1244600000000005,loss,sl,ORB,0,34.0,-102427.1844660246,,2022-01
92379c56-2951-4e52-a8e4-f0d6a144090d,EURUSD,short,1.2000000000000002,1.1294799999999998,1.13038,2022-01-06T14:46:00,2022-01-07 01:11:00,-108.00000000001477,0.0,-111.00000000001477,3.0,0.0,1.1303299999999998,1.1271300000000002,loss,sl,ORB,0,625.0,-105882.35294118876,,2022-01
78ab8359-22ce-4cd0-a085-7061b9269f04,EURUSD,long,1.1,1.13698,1.1394899999999997,2022-01-12T08:12:00,2022-01-12 08:39:00,276.0999999999525,0.0,273.0999999999525,3.0,0.0,1.13606,1.1395399999999998,win,tp,ORB,0,27.0,272826.0869564653,,2022-01
6cfae3c7-ba09-44b2-8875-da2e5f44616c,EURUSD,long,1.2000000000000002,1.14525,1.14435,2022-01-12T14:55:00,2022-01-12 16:38:00,-108.00000000001477,0.0,-111.00000000001477,3.0,0.0,1.1444,1.1475999999999997,loss,sl,ORB,0,103.0,-105882.35294118876,,2022-01
7ff7302d-676b-46c1-a828-ded98e58a000,EURUSD,long,1.1,1.1344400000000001,1.13343,2022-01-20T08:26:00,2022-01-20 09:49:00,-111.10000000001952,0.0,-114.10000000001952,3.0,0.0,1.13348,1.13712,loss,sl,ORB,0,83.0,-105208.33333334392,,2022-01
172be6b2-27ee-47a4-be7a-e554c3b0aa4d,EURUSD,long,1.2000000000000002,1.1310600000000002,1.13019,2022-02-02T14:53:00,2022-02-02 16:10:00,-104.40000000001781,0.0,-107.40000000001781,3.0,0.0,1.1302400000000001,1.1333199999999999,loss,sl,ORB,0,77.0,-106097.56097562228,,2022-02
b3a101fe-779f-46d4-8a5a-16f5d458a04c,EURUSD,short,1.0,1.1431,1.14413,2022-02-03T14:55:00,2022-02-03 17:53:00,-103.00000000000864,0.0,-106.00000000000864,3.0,0.0,1.14408,1.1403600000000005,loss,sl,ORB,0,178.0,-105102.0408163374,,2022-02
1f4941ec-51f2-42a3-8333-efb5403afffc,EURUSD,short,1.1,1.1412,1.14218,2022-02-08T14:51:00,2022-02-08 19:05:00,-107.79999999999791,0.0,-110.79999999999791,3.0,0.0,1.1421299999999999,1.1386100000000008,loss,sl,ORB,0,254.0,-105376.34408603357,,2022-02
23c69275-df39-436c-b244-b08933c60ab7,EURUSD,short,1.1,1.1433399999999998,1.1409499999999997,2022-02-10T08:23:00,2022-02-10 08:30:00,262.9000000000126,0.0,259.9000000000126,3.0,0.0,1.14422,1.1408999999999996,win,tp,ORB,0,7.0,271590.9090908561,,2022-02
46b83cc8-70b6-47c5-822a-381e4a994f44,EURUSD,short,1.1,1.13444,1.13542,2022-02-22T08:12:00,2022-02-22 11:50:00,-107.80000000002234,0.0,-110.80000000002234,3.0,0.0,1.13537,1.13185,loss,sl,ORB,0,218.0,-105376.3440860323,,2022-02
7e17c5a6-3ba7-4d72-aec6-90e87075e758,EURUSD,short,1.1,1.12553,1.12647,2022-02-25T14:45:00,2022-02-25 14:57:00,-103.40000000001793,0.0,-106.40000000001793,3.0,0.0,1.12642,1.1230600000000002,loss,sl,ORB,0,12.0,-105617.97752810139,,2022-02
082223fe-d4bc-4aee-98e5-9264f2ea07b5,EURUSD,short,0.9,1.10971,1.11087,2022-03-02T08:24:00,2022-03-02 08:56:00,-104.4000000000045,0.0,-107.4000000000045,3.0,0.0,1.11082,1.1065800000000006,loss,sl,ORB,0,32.0,-104504.50450451423,,2022-03
a6d4e1dc-a833-462f-afd8-ddb876c3b936,EURUSD,short,1.0,1.1057,1.10668,2022-03-03T14:45:00,2022-03-03 16:48:00,-98.0000000000203,0.0,-101.0000000000203,3.0,0.0,1.10663,1.10311,loss,sl,ORB,0,123.0,-105376.34408603229,,2022-03
0ea34a5b-36e9-4c21-96ba-d60d2db642e9,EURUSD,short,0.8,1.10754,1.1087500000000001,2022-03-10T08:22:00,2022-03-10 08:30:00,-96.80000000001245,0.0,-99.80000000001245,3.0,0.0,1.1087,1.1042600000000002,loss,sl,ORB,0,8.0,-104310.34482759514,,2022-03
ca484d99-fc64-45e1-a6c7-5bd8724e5200,EURUSD,long,1.0,1.10284,1.1018299999999999,2022-03-16T14:41:00,2022-03-16 17:18:00,-101.00000000001774,0.0,-104.00000000001774,3.0,0.0,1.10188,1.1055199999999998,loss,sl,ORB,0,157.0,-105208.33333334392,,2022-03
a801663d-8881-4d6e-ba77-f75db201d86b,EURUSD,long,0.9,1.10586,1.1086999999999998,2022-03-17T08:25:00,2022-03-17 09:35:00,255.59999999997586,0.0,252.59999999997586,3.0,0.0,1.10483,1.10875,win,tp,ORB,0,70.0,275728.15533975663,,2022-03
61f92c41-2957-4713-91ac-11e979521a83,EURUSD,short,0.9,1.0980699999999999,1.09915,2022-03-23T08:23:00,2022-03-23 10:12:00,-97.20000000001727,0.0,-100.20000000001727,3.0,0.0,1.0991,1.09518,loss,sl,ORB,0,109.0,-104854.36893204866,,2022-03
552289b5-c4e9-47d3-8bf2-8c0c3032be05,EURUSD,short,1.0,1.09998,1.10102,2022-03-25T08:27:00,2022-03-25 08:31:00,-104.00000000001519,0.0,-107.00000000001519,3.0,0.0,1.10097,1.0972100000000002,loss,sl,ORB,0,4.0,-105050.50505051546,,2022-03
f6565294-7e91-4bf1-a8b0-3a1b5dad3497,EURUSD,long,0.9,1.09684,1.09578,2022-03-28T08:13:00,2022-03-28 08:37:00,-95.40000000000548,0.0,-98.40000000000548,3.0,0.0,1.09583,1.0996699999999995,loss,sl,ORB,0,24.0,-104950.49504951561,,2022-03
f2aa8e2c-6c0e-467f-a8e0-307a28b9ab90,EURUSD,long,1.0,1.1087,1.1112699999999993,2022-03-29T14:50:00,2022-03-29 22:48:00,256.9999999999295,0.0,253.9999999999295,3.0,0.0,1.10776,1.1113199999999994,win,tp,ORB,0,478.0,273404.25531909114,,2022-03
0cc70f2d-efba-4b82-af60-4644ec3b8d01,EURUSD,short,0.6000000000000001,1.11286,1.11444,2022-03-30T08:12:00,2022-03-30 09:28:00,-94.80000000000824,0.0,-97.80000000000824,3.0,0.0,1.11439,1.1084700000000003,loss,sl,ORB,0,76.0,-103267.97385621599,,2022-03
b0a5c42e-7160-475e-b830-0e05e446d586,EURUSD,short,1.0,1.07995,1.08091,2022-04-18T08:19:00,2022-04-18 08:32:00,-96.00000000000719,0.0,-99.00000000000719,3.0,0.0,1.08086,1.0774200000000005,loss,sl,ORB,0,13.0,-105494.50549451729,,2022-04
2e7af104-dfd7-4057-aebf-abd21d41db72,EURUSD,long,0.9,1.07938,1.0782399999999999,2022-04-19T08:23:00,2022-04-19 11:02:00,-102.60000000001268,0.0,-105.60000000001268,3.0,0.0,1.07829,1.0824499999999997,loss,sl,ORB,0,159.0,-104587.15596331227,,2022-04
ed1b62c5-0247-48f7-8003-887343fd36dd,EURUSD,short,1.0,1.08422,1.08517,2022-04-20T14:46:00,2022-04-20 15:49:00,-95.00000000000064,0.0,-98.00000000000064,3.0,0.0,1.0851199999999999,1.0817200000000007,loss,sl,ORB,0,63.0,-105555.55555556789,,2022-04
5a88273e-8c6c-4011-b661-b3e470011371,EURUSD,long,0.9,1.0793300000000001,1.07828,2022-04-22T14:52:00,2022-04-24 22:11:00,-94.50000000001957,0.0,-97.50000000001957,3.0,0.0,1.07833,1.08213,loss,sl,ORB,0,3319.0,-105000.00000001,,2022-04
af28a1d2-2505-484f-807b-3c38bfc73029,EURUSD,short,1.1,1.0494299999999999,1.05033,2022-05-02T14:46:00,2022-05-02 15:19:00,-99.00000000001353,0.0,-102.00000000001353,3.0,0.0,1.0502799999999999,1.0470800000000002,loss,sl,ORB,0,33.0,-105882.35294118876,,2022-05
0a3375c3-6d21-403f-8e70-91d407ce9cf6,EURUSD,long,1.1,1.05631,1.05542,2022-05-09T14:55:00,2022-05-09 17:00:00,-97.90000000000633,0.0,-100.90000000000633,3.0,0.0,1.0554700000000001,1.0586299999999995,loss,sl,ORB,0,125.0,-105952.38095239387,,2022-05
b2d383f3-247a-47d5-b78b-c6ce4521a6df,EURUSD,long,0.7000000000000001,1.05515,1.05383,2022-05-11T08:19:00,2022-05-11 08:30:00,-92.39999999999915,0.0,-95.39999999999915,3.0,0.0,1.0538800000000001,1.0587599999999993,loss,sl,ORB,0,11.0,-103937.0078740244,,2022-05
6573f946-e4b5-49a6-a39d-30b6bbb42f3e,EURUSD,long,0.9,1.04379,1.0427899999999999,2022-05-16T14:52:00,2022-05-16 18:18:00,-90.00000000001008,0.0,-93.00000000001008,3.0,0.0,1.04284,1.0464399999999996,loss,sl,ORB,0,206.0,-105263.15789474791,,2022-05
a8ea96e2-11cc-4630-a50d-5d206a51e5b6,EURUSD,short,0.7000000000000001,1.05314,1.05439,2022-05-17T08:24:00,2022-05-17 08:44:00,-87.49999999999814,0.0,-90.49999999999814,3.0,0.0,1.0543399999999998,1.0497400000000008,loss,sl,ORB,0,20.0,-104166.66666667591,,2022-05
faea8baa-123f-40a6-b047-27afa8ce64fc,EURUSD,short,1.0,1.0479299999999998,1.0488600000000001,2022-05-18T14:44:00,2022-05-18 20:44:00,-93.00000000003195,0.0,-96.00000000003195,3.0,0.0,1.04881,1.0454899999999996,loss,sl,ORB,0,360.0,-105681.81818182878,,2022-05
ed55b86f-a14b-4462-a3a9-fe9145d35fa1,EURUSD,long,0.9,1.0602200000000002,1.0592599999999999,2022-05-19T14:49:00,2022-05-19 15:14:00,-86.40000000002645,0.0,-89.40000000002645,3.0,0.0,1.05931,1.0627500000000003,loss,sl,ORB,0,25.0,-105494.50549451594,,2022-05
5e9c83b7-de37-4e10-9095-404606be780c,EURUSD,long,0.8,1.0544200000000001,1.0574399999999997,2022-05-20T14:46:00,2022-05-22 18:19:00,241.59999999996631,0.0,238.59999999996631,3.0,0.0,1.05333,1.0574899999999998,win,tp,ORB,0,3093.0,277064.2201834386,,2022-05
da2ea52f-c307-4628-a25f-06e10a1a8958,EURUSD,long,0.8,1.0656500000000002,1.06447,2022-05-23T08:22:00,2022-05-23 09:39:00,-94.40000000001447,0.0,-97.40000000001447,3.0,0.0,1.0645200000000001,1.06884,loss,sl,ORB,0,77.0,-104424.77876107098,,2022-05
3106fb7e-6f1d-4d02-a3d5-f364629d9de4,EURUSD,short,0.9,1.0719599999999998,1.07293,2022-05-26T14:46:00,2022-05-26 16:21:00,-87.30000000001237,0.0,-90.30000000001237,3.0,0.0,1.0728799999999998,1.0694000000000001,loss,sl,ORB,0,95.0,-105434.78260870694,,2022-05
6143e31e-c733-4bde-9c36-519d59bfdeb4,EURUSD,long,0.9,1.06691,1.0659,2022-06-07T08:27:00,2022-06-07 08:53:00,-90.89999999999598,0.0,-93.89999999999598,3.0,0.0,1.0659500000000002,1.0695899999999992,loss,sl,ORB,0,26.0,-105208.33333334514,,2022-06
12e28c20-a9ef-4380-871b-6f6f5d634a62,EURUSD,long,0.8,1.05841,1.05738,2022-06-10T08:28:00,2022-06-10 08:30:00,-82.40000000000691,0.0,-85.40000000000691,3.0,0.0,1.05743,1.0611499999999996,loss,sl,ORB,0,2.0,-105102.04081633738,,2022-06
1997d6f2-75e4-4103-a6ec-602bbb9ee141,EURUSD,long,1.0,1.05227,1.05136,2022-06-10T14:58:00,2022-06-10 16:59:00,-90.99999999999665,0.0,-93.99999999999665,3.0,0.0,1.0514100000000002,1.0546499999999992,loss,sl,ORB,0,121.0,-105813.9534883853,,2022-06
8ff653a1-de75-4fb4-a7b8-bac35c01141d,EURUSD,short,0.9,1.0433199999999998,1.0408100000000002,2022-06-15T08:21:00,2022-06-15 08:55:00,225.89999999996112,0.0,222.89999999996112,3.0,0.0,1.0442399999999998,1.0407600000000001,win,tp,ORB,0,34.0,272826.0869564653,,2022-06
8e998228-599c-4fec-a70f-19713e9984d7,EURUSD,short,0.9,1.0547099999999998,1.05571,2022-06-24T14:58:00,2022-06-24 15:59:00,-90.00000000001008,0.0,-93.00000000001008,3.0,0.0,1.0556599999999998,1.0520600000000002,loss,sl,ORB,0,61.0,-105263.15789474791,,2022-06
ed993ee0-ede8-4096-8931-4ce20bff1c9c,EURUSD,short,1.0,1.05846,1.05934,2022-06-27T14:44:00,2022-06-28 02:29:00,-87.99999999999919,0.0,-90.99999999999919,3.0,0.0,1.0592899999999998,1.0561700000000007,loss,sl,ORB,0,705.0,-106024.0963855557,,2022-06
0f89edae-1fba-4d1c-848a-460a43346c94,EURUSD,long,0.8,1.0457500000000002,1.04468,2022-07-04T08:24:00,2022-07-04 08:42:00,-85.60000000001013,0.0,-88.60000000001013,3.0,0.0,1.0447300000000002,1.0486099999999998,loss,sl,ORB,0,18.0,-104901.96078432398,,2022-07
ef934b8d-b27c-41c3-845e-659e6e379e68,EURUSD,short,0.9,1.01589,1.01679,2022-07-07T14:51:00,2022-07-07 19:37:00,-81.00000000001107,0.0,-84.00000000001107,3.0,0.0,1.01674,1.0135400000000003,loss,sl,ORB,0,286.0,-105882.35294118877,,2022-07
53eead74-7f6b-4a3d-b157-ce351ddf2713,EURUSD,short,0.8,1.00697,1.0043700000000004,2022-07-13T14:53:00,2022-07-13 19:35:00,207.99999999995936,0.0,204.99999999995936,3.0,0.0,1.00792,1.0043200000000003,win,tp,ORB,0,282.0,273684.2105262605,,2022-07
0cd8048b-e5b1-4e9a-9e50-29c23a45264a,EURUSD,short,0.7000000000000001,1.01192,1.01321,2022-07-18T08:26:00,2022-07-18 08:44:00,-90.30000000000095,0.0,-93.30000000000095,3.0,0.0,1.0131599999999998,1.0084000000000006,loss,sl,ORB,0,18.0,-104032.25806452494,,2022-07
3da7c376-f20f-44dd-8bb0-b9323fa40342,EURUSD,short,0.7000000000000001,1.0247199999999999,1.02586,2022-07-19T08:11:00,2022-07-19 10:13:00,-79.80000000000987,0.0,-82.80000000000987,3.0,0.0,1.0258099999999999,1.0216500000000002,loss,sl,ORB,0,122.0,-104587.15596331228,,2022-07
97549aef-159e-4d7e-b1fc-25f034bda37f,EURUSD,short,0.8,1.0192299999999999,1.02027,2022-07-21T14:55:00,2022-07-21 15:46:00,-83.20000000001215,0.0,-86.20000000001215,3.0,0.0,1.02022,1.0164600000000001,loss,sl,ORB,0,51.0,-105050.50505051546,,2022-07
429bffaa-a999-4a43-a8be-343d66b59a11,EURUSD,long,0.6000000000000001,1.0199900000000002,1.01871,2022-07-27T14:59:00,2022-07-27 15:03:00,-76.80000000001021,0.0,-79.80000000001021,3.0,0.0,1.01876,1.02348,loss,sl,ORB,0,4.0,-104065.04065041489,,2022-07
fdffe563-463d-4e60-b0bb-360b89164eb1,EURUSD,long,0.8,1.0236100000000001,1.02648,2022-08-01T08:18:00,2022-08-01 10:14:00,229.59999999999428,0.0,226.59999999999428,3.0,0.0,1.02257,1.0265300000000002,win,tp,ORB,0,116.0,275961.53846149123,,2022-08
a049f3f2-f52e-46fd-9780-2d1064390935,EURUSD,long,0.7000000000000001,1.0256100000000001,1.0285999999999995,2022-08-01T14:57:00,2022-08-01 20:39:00,209.29999999995678,0.0,206.29999999995678,3.0,0.0,1.0245300000000002,1.0286499999999996,win,tp,ORB,0,342.0,276851.8518518024,,2022-08
5882df74-b4f0-4a33-ad04-2e324bd82d8b,EURUSD,long,0.7000000000000001,1.01957,1.0184,2022-08-03T08:20:00,2022-08-03 08:36:00,-81.90000000000809,0.0,-84.90000000000809,3.0,0.0,1.01845,1.0227299999999997,loss,sl,ORB,0,16.0,-104464.2857142951,,2022-08
a67ab08c-c95b-4da6-8cca-c791d7e0e995,EURUSD,long,0.8,1.0341500000000001,1.0331299999999999,2022-08-11T08:26:00,2022-08-11 08:35:00,-81.60000000001945,0.0,-84.60000000001945,3.0,0.0,1.03318,1.0368600000000001,loss,sl,ORB,0,9.0,-105154.6391752679,,2022-08
90d07057-ed7a-401b-a7c5-cfa83266e70e,EURUSD,long,0.7000000000000001,1.02014,1.01895,2022-08-15T08:22:00,2022-08-15 10:15:00,-83.30000000000172,0.0,-86.30000000000172,3.0,0.0,1.0190000000000001,1.0233599999999994,loss,sl,ORB,0,113.0,-104385.96491229028,,2022-08
853968cf-51be-4bcb-b590-e4835aad7b45,EURUSD,long,0.7000000000000001,1.01366,1.0166499999999994,2022-08-16T08:20:00,2022-08-16 09:45:00,209.29999999995678,0.0,206.29999999995678,3.0,0.0,1.01258,1.0166999999999995,win,tp,ORB,0,85.0,276851.8518518024,,2022-08
b4d93146-170a-4d9c-939f-2a4d8a470c9c,EURUSD,short,1.0,0.99607,0.99695,2022-08-24T14:57:00,2022-08-24 15:14:00,-87.99999999999919,0.0,-90.99999999999919,3.0,0.0,0.9969,0.99378,loss,sl,ORB,0,17.0,-106024.09638554152,,2022-08
78544fda-83ba-41c2-9897-ecc8117f0e9f,EURUSD,short,1.0,0.99629,0.99405,2022-08-26T14:56:00,2022-08-28 19:21:00,224.000000000002,0.0,221.000000000002,3.0,0.0,0.99712,0.994,win,tp,ORB,0,3145.0,269879.5180722924,,2022-08
f5224926-072d-4a5f-b8fd-ddd42b26f348,EURUSD,short,0.9,1.00185,1.00285,2022-08-30T14:47:00,2022-08-30 15:05:00,-90.00000000001008,0.0,-93.00000000001008,3.0,0.0,1.0028,0.9992000000000003,loss,sl,ORB,0,18.0,-105263.15789474791,,2022-08
79460b82-70b5-4cec-abd6-02b15e2b018d,EURUSD,short,0.9,0.99242,0.9899099999999998,2022-09-06T08:11:00,2022-09-06 09:02:00,225.9000000000111,0.0,222.9000000000111,3.0,0.0,0.99334,0.9898599999999999,win,tp,ORB,0,51.0,272826.0869565257,,2022-09
7c544ac4-e22f-41c4-933c-37175a8347b5,EURUSD,short,0.9,1.0039399999999998,1.00489,2022-09-09T14:42:00,2022-09-09 15:41:00,-85.50000000002056,0.0,-88.50000000002056,3.0,0.0,1.00484,1.0014399999999999,loss,sl,ORB,0,59.0,-105555.55555556652,,2022-09
35608ef6-1b78-4120-8afb-65e47d43d1ff,EURUSD,long,0.9,1.0149000000000001,1.01395,2022-09-12T08:10:00,2022-09-12 08:29:00,-85.50000000002056,0.0,-88.50000000002056,3.0,0.0,1.014,1.0174,loss,sl,ORB,0,19.0,-105555.55555556652,,2022-09
05fef48e-3c8c-4c38-b837-a7511ab398c3,EURUSD,short,0.8,1.017,1.0140700000000002,2022-09-13T08:21:00,2022-09-13 08:30:00,234.3999999999724,0.0,231.3999999999724,3.0,0.0,1.01806,1.0140200000000001,win,tp,ORB,0,9.0,276415.0943395742,,2022-09
d887a3f0-fbb1-4190-b539-68128282a663,EURUSD,short,1.0,0.99834,0.9960699999999998,2022-09-13T14:43:00,2022-09-13 18:07:00,227.00000000002163,0.0,224.00000000002163,3.0,0.0,0.9991800000000001,0.9960199999999998,win,tp,ORB,0,204.0,270238.09523810074,,2022-09
d594795d-52d9-483b-8da3-2eaa5a988638,EURUSD,short,1.0,0.99883,0.99978,2022-09-14T08:23:00,2022-09-14 08:30:00,-95.00000000000064,0.0,-98.00000000000064,3.0,0.0,0.99973,0.9963299999999999,loss,sl,ORB,0,7.0,-105555.55555555486,,2022-09
a5811289-6035-4635-9ed6-f137f2eb86ba,EURUSD,short,1.0,0.9953,0.99622,2022-09-16T08:14:00,2022-09-16 08:18:00,-92.00000000000318,0.0,-95.00000000000318,3.0,0.0,0.99617,0.9928899999999998,loss,sl,ORB,0,4.0,-105747.12643678072,,2022-09
7d7be5d3-a9a1-44a9-8728-99b8695433c9,EURUSD,long,0.9,1.00076,0.9997799999999999,2022-09-16T14:51:00,2022-09-18 22:17:00,-88.20000000001826,0.0,-91.20000000001826,3.0,0.0,0.9998299999999999,1.0033500000000002,loss,sl,ORB,0,3326.0,-105376.3440860197,,2022-09
3ab2884d-2b02-4005-a7df-5342e502e824,EURUSD,long,0.6000000000000001,0.99915,0.99779,2022-09-19T08:20:00,2022-09-19 09:29:00,-81.60000000000169,0.0,-84.60000000000169,3.0,0.0,0.99784,1.0028800000000002,loss,sl,ORB,0,69.0,-103816.79389312926,,2022-09
0306b26f-c422-4db7-8fb7-7674d9cab5db,EURUSD,long,1.0,1.0011100000000002,1.0034099999999997,2022-09-19T14:55:00,2022-09-19 20:01:00,229.99999999995248,0.0,226.99999999995248,3.0,0.0,1.0002600000000001,1.0034599999999998,win,tp,ORB,0,306.0,270588.2352940562,,2022-09
da2702e7-c279-41a2-a52e-41e605205418,EURUSD,long,0.9,0.97372,0.9727399999999999,2022-09-28T14:38:00,2022-09-28 15:26:00,-88.20000000000827,0.0,-91.20000000000827,3.0,0.0,0.9727899999999999,0.9763100000000003,loss,sl,ORB,0,48.0,-105376.34408602036,,2022-09
c11b1b69-a908-4052-bfb3-fc689f8c26ff,EURUSD,short,0.8,0.97032,0.97145,2022-09-29T08:19:00,2022-09-29 08:22:00,-90.40000000000603,0.0,-93.40000000000603,3.0,0.0,0.9714,0.9672799999999997,loss,sl,ORB,0,3.0,-104629.62962962876,,2022-09
51a9a049-6ae6-4b15-a1ca-3d8683629e6e,EURUSD,long,0.8,0.97928,0.9821200000000003,2022-09-29T14:45:00,2022-09-29 17:04:00,227.20000000002292,0.0,224.20000000002292,3.0,0.0,0.97825,0.9821700000000003,win,tp,ORB,0,139.0,275728.15533981053,,2022-09
1bd1aa58-6603-4848-a66e-ad0994832c8a,EURUSD,long,1.0,0.99843,0.9974799999999999,2022-10-04T14:44:00,2022-10-04 20:34:00,-95.00000000001174,0.0,-98.00000000001174,3.0,0.0,0.9975299999999999,1.0009300000000003,loss,sl,ORB,0,350.0,-105555.55555555418,,2022-10
7d6a0c4c-2e90-413f-b96a-dd479e15de98,EURUSD,long,0.8,0.98859,0.9874499999999999,2022-10-05T14:41:00,2022-10-05 17:05:00,-91.20000000000239,0.0,-94.20000000000239,3.0,0.0,0.9874999999999999,0.9916600000000001,loss,sl,ORB,0,144.0,-104587.1559633021,,2022-10
527a6c60-f0d2-4c62-9f2d-ed3960420886,EURUSD,long,0.9,0.97946,0.97842,2022-10-07T08:22:00,2022-10-07 08:30:00,-93.60000000000369,0.0,-96.60000000000369,3.0,0.0,0.97847,0.9822300000000002,loss,sl,ORB,0,8.0,-105050.50505050426,,2022-10
9c572dac-6b89-429b-bffa-1e1dbfce346f,EURUSD,short,0.9,0.97451,0.9719699999999997,2022-10-11T14:42:00,2022-10-11 14:56:00,228.60000000002876,0.0,225.60000000002876,3.0,0.0,0.9754400000000001,0.9719199999999997,win,tp,ORB,0,14.0,273118.2795698982,,2022-10
4305be4a-4319-4452-a2f1-d928b67ae461,EURUSD,long,0.9,0.97186,0.9744299999999998,2022-10-14T08:17:00,2022-10-14 08:50:00,231.2999999999865,0.0,228.2999999999865,3.0,0.0,0.97092,0.9744799999999998,win,tp,ORB,0,33.0,273404.25531915016,,2022-10
4e4f1168-a540-4629-bac6-740a1d591754,EURUSD,long,0.8,0.98482,0.9837199999999999,2022-10-17T14:58:00,2022-10-17 15:07:00,-88.00000000000807,0.0,-91.00000000000807,3.0,0.0,0.9837699999999999,0.9877700000000004,loss,sl,ORB,0,9.0,-104761.90476190376,,2022-10
80b8a822-ca34-46bf-83ff-e8f49be27b05,EURUSD,short,1.0,0.97687,0.97783,2022-10-19T14:46:00,2022-10-20 00:19:00,-95.99999999999609,0.0,-98.99999999999609,3.0,0.0,0.97778,0.9743400000000001,loss,sl,ORB,0,573.0,-105494.5054945051,,2022-10
f898ed20-5e61-47dc-aea7-98d55260e47f,EURUSD,long,0.8,0.98471,0.9876400000000002,2022-10-21T14:44:00,2022-10-23 17:46:00,234.40000000001683,0.0,231.40000000001683,3.0,0.0,0.9836499999999999,0.9876900000000002,win,tp,ORB,0,3062.0,276415.0943396266,,2022-10
04af10e5-0137-4d8f-9b30-eaef84a3ee7a,EURUSD,long,0.8,0.99087,0.98975,2022-11-02T08:14:00,2022-11-02 08:32:00,-89.6000000000008,0.0,-92.6000000000008,3.0,0.0,0.9898,0.9938800000000001,loss,sl,ORB,0,18.0,-104672.89719626111,,2022-11
9947663c-5d01-46a4-b1b4-978458d47b9c,EURUSD,long,1.0,0.9830099999999999,0.98208,2022-11-02T14:54:00,2022-11-02 15:23:00,-92.99999999999864,0.0,-95.99999999999864,3.0,0.0,0.98213,0.9854499999999999,loss,sl,ORB,0,29.0,-105681.81818181761,,2022-11
792bf1b7-f86a-402b-a58f-1399fabab10a,EURUSD,long,0.9,0.99622,0.9951599999999999,2022-11-04T14:43:00,2022-11-06 17:00:00,-95.40000000000548,0.0,-98.40000000000548,3.0,0.0,0.9952099999999999,0.9990500000000002,loss,sl,ORB,0,3017.0,-104950.49504950407,,2022-11
7cb061e1-d43c-4d77-9e54-a5a5068ba5b7,EURUSD,short,1.0,1.0027499999999998,1.00042,2022-11-07T14:55:00,2022-11-07 23:56:00,232.99999999997212,0.0,229.99999999997212,3.0,0.0,1.00361,1.00037,win,tp,ORB,0,541.0,270930.232558081,,2022-11
37587b4e-afc4-4ad3-b6f3-381512ebc9d1,EURUSD,short,0.9,1.0024499999999998,1.00353,2022-11-09T08:26:00,2022-11-09 08:45:00,-97.20000000001727,0.0,-100.20000000001727,3.0,0.0,1.00348,0.99956,loss,sl,ORB,0,19.0,-104854.36893204866,,2022-11
15b1f617-a1f6-4587-a7dc-a93e07c623df,EURUSD,long,1.0,1.0181600000000002,1.0205499999999996,2022-11-10T14:59:00,2022-11-10 16:08:00,238.9999999999448,0.0,235.9999999999448,3.0,0.0,1.0172800000000002,1.0205999999999997,win,tp,ORB,0,69.0,271590.9090908489,,2022-11
ce7d1fcf-402c-4e19-b799-2cc376e10820,EURUSD,short,1.0,1.03497,1.0325200000000008,2022-11-14T14:57:00,2022-11-14 17:00:00,244.99999999991752,0.0,241.99999999991752,3.0,0.0,1.0358699999999998,1.0324700000000007,win,tp,ORB,0,123.0,272222.22222216055,,2022-11
297978f0-8f05-4f53-a43a-c95952d53c17,EURUSD,long,1.0,1.03658,1.03561,2022-11-17T14:52:00,2022-11-18 03:16:00,-97.00000000001374,0.0,-100.00000000001374,3.0,0.0,1.03566,1.0391399999999997,loss,sl,ORB,0,744.0,-105434.78260870693,,2022-11
16736ee9-d40c-4078-a064-298f55770e3e,EURUSD,long,0.9,1.03248,1.0354099999999997,2022-11-23T08:10:00,2022-11-23 09:46:00,263.69999999996895,0.0,260.69999999996895,3.0,0.0,1.03142,1.0354599999999998,win,tp,ORB,0,96.0,276415.0943395742,,2022-11
9ce63b6b-eb82-4b5a-a414-06ddd3e0848d,EURUSD,long,1.0,1.03831,1.0372999999999999,2022-11-30T08:22:00,2022-11-30 08:30:00,-101.00000000001774,0.0,-104.00000000001774,3.0,0.0,1.03735,1.0409899999999999,loss,sl,ORB,0,8.0,-105208.33333334392,,2022-11
e2777af8-450f-4cd5-a610-ef138d05489f,EURUSD,long,0.9,1.0396800000000002,1.0425799999999996,2022-11-30T14:49:00,2022-11-30 15:26:00,260.9999999999513,0.0,257.9999999999513,3.0,0.0,1.0386300000000002,1.0426299999999997,win,tp,ORB,0,37.0,276190.47619042586,,2022-11
40c84035-e34a-46dc-ba13-eacfe24f45ef,EURUSD,long,1.0,1.0562600000000002,1.05522,2022-12-09T08:27:00,2022-12-09 08:30:00,-104.00000000001519,0.0,-107.00000000001519,3.0,0.0,1.0552700000000002,1.05903,loss,sl,ORB,0,3.0,-105050.50505051546,,2022-12
cbaed0de-07be-47f3-985b-36ade0eb8489,EURUSD,short,1.1,1.05442,1.0521500000000006,2022-12-09T14:57:00,2022-12-11 18:50:00,249.69999999992612,0.0,246.69999999992612,3.0,0.0,1.0552599999999999,1.0521000000000005,win,tp,ORB,0,3113.0,270238.0952380308,,2022-12
b2a6e1da-be3c-4059-858c-af60ec1b04f3,EURUSD,long,1.0,1.0640800000000001,1.06306,2022-12-13T14:46:00,2022-12-13 14:57:00,-102.0000000000243,0.0,-105.0000000000243,3.0,0.0,1.06311,1.0667900000000001,loss,sl,ORB,0,11.0,-105154.63917526789,,2022-12
2ef177b5-ed73-4235-a4cc-232ccd416c2c,EURUSD,long,0.8,1.06024,1.05904,2022-12-19T08:15:00,2022-12-19 10:45:00,-96.00000000000719,0.0,-99.00000000000719,3.0,0.0,1.05909,1.0634899999999996,loss,sl,ORB,0,150.0,-104347.82608696575,,2022-12
8d407190-a4b8-4a21-b1a9-b5998500b8db,EURUSD,long,0.9,1.06227,1.06122,2022-12-20T14:56:00,2022-12-20 23:12:00,-94.49999999999959,0.0,-97.49999999999959,3.0,0.0,1.0612700000000002,1.0650699999999993,loss,sl,ORB,0,496.0,-105000.0000000111,,2022-12
838dc3f9-4b30-490d-a8fe-ec3869993d21,EURUSD,long,1.0,1.06379,1.06277,2022-12-21T08:17:00,2022-12-21 08:56:00,-102.00000000000209,0.0,-105.00000000000209,3.0,0.0,1.06282,1.0664999999999993,loss,sl,ORB,0,39.0,-105154.63917526905,,2022-12
dd61633a-2a38-4718-bb48-1d2b39d35629,EURUSD,long,1.0,1.05352,1.05258,2023-01-05T14:45:00,2023-01-05 15:05:00,-93.99999999999409,0.0,-96.99999999999409,3.0,0.0,1.0526300000000002,1.055989999999999,loss,sl,ORB,0,20.0,-105617.97752810278,,2023-01
06e8d465-6fe2-4064-bb04-4f9bb9e461e8,EURUSD,short,1.1,1.0644799999999999,1.06538,2023-01-06T14:56:00,2023-01-08 18:20:00,-99.00000000001353,0.0,-102.00000000001353,3.0,0.0,1.0653299999999999,1.0621300000000002,loss,sl,ORB,0,3084.0,-105882.35294118876,,2023-01
3eedf385-15e3-4e2a-852f-647848c52ac8,EURUSD,short,1.0,1.0736599999999998,1.0746200000000001,2023-01-10T14:44:00,2023-01-11 00:32:00,-96.00000000002939,0.0,-99.00000000002939,3.0,0.0,1.07457,1.0711299999999997,loss,sl,ORB,0,588.0,-105494.50549451595,,2023-01
9ca575ba-49e8-4553-bc6d-d4e9cd4baa40,EURUSD,short,1.0,1.08276,1.08371,2023-01-13T14:50:00,2023-01-15 19:32:00,-95.00000000000064,0.0,-98.00000000000064,3.0,0.0,1.0836599999999998,1.0802600000000007,loss,sl,ORB,0,3162.0,-105555.55555556789,,2023-01
89233f35-17f1-402e-bc03-1c1e934640e6,EURUSD,short,0.9,1.08117,1.08222,2023-01-16T08:14:00,2023-01-16 09:21:00,-94.49999999999959,0.0,-97.49999999999959,3.0,0.0,1.0821699999999999,1.0783700000000007,loss,sl,ORB,0,67.0,-105000.0000000111,,2023-01
28733cb6-f2e6-4441-8d79-0a92e1f4e341,EURUSD,long,0.9,1.08031,1.07924,2023-01-17T14:40:00,2023-01-17 14:57:00,-96.30000000001138,0.0,-99.30000000001138,3.0,0.0,1.07929,1.0831699999999997,loss,sl,ORB,0,17.0,-104901.96078432396,,2023-01
1693a4fe-bfac-46c6-afd5-30c6144e9623,EURUSD,long,0.9,1.0836800000000002,1.08622,2023-01-18T08:13:00,2023-01-18 08:30:00,228.59999999997882,0.0,225.59999999997882,3.0,0.0,1.08275,1.08627,win,tp,ORB,0,17.0,273118.27956983855,,2023-01
653de80c-1016-4c4e-9c1e-29956e4d13fe,EURUSD,short,1.1,1.0877,1.08857,2023-01-25T08:16:00,2023-01-25 09:27:00,-95.70000000001633,0.0,-98.70000000001633,3.0,0.0,1.08852,1.0854400000000002,loss,sl,ORB,0,71.0,-106097.5609756223,,2023-01
afb4347b-6970-4145-8979-8d701d852061,EURUSD,short,0.9,1.0891799999999998,1.0902100000000001,2023-01-26T08:08:00,2023-01-26 08:38:00,-92.70000000002776,0.0,-95.70000000002776,3.0,0.0,1.09016,1.0864399999999996,loss,sl,ORB,0,30.0,-105102.04081633623,,2023-01
429bdfd4-3a41-41bc-8c18-9852522609a2,EURUSD,short,0.7000000000000001,1.09798,1.0947200000000008,2023-02-02T08:23:00,2023-02-02 08:59:00,228.1999999999407,0.0,225.1999999999407,3.0,0.0,1.0991499999999998,1.0946700000000007,win,tp,ORB,0,36.0,278632.4786324316,,2023-02
128ee766-16d6-4cb0-8681-440162254e19,EURUSD,short,1.1,1.07161,1.0725,2023-02-13T14:56:00,2023-02-13 16:17:00,-97.90000000000633,0.0,-100.90000000000633,3.0,0.0,1.07245,1.0692900000000005,loss,sl,ORB,0,81.0,-105952.38095239387,,2023-02
071dfdc5-85ed-4b24-8d67-568cf290dc03,EURUSD,long,1.0,1.06987,1.06897,2023-02-16T08:21:00,2023-02-16 08:30:00,-90.00000000001229,0.0,-93.00000000001229,3.0,0.0,1.06902,1.0722199999999997,loss,sl,ORB,0,9.0,-105882.35294118876,,2023-02
a8e752c0-3ef0-4966-8ef3-2a2bf6e8b728,EURUSD,long,1.0,1.0628300000000002,1.0651000000000002,2023-02-17T08:27:00,2023-02-17 09:11:00,226.99999999999943,0.0,223.99999999999943,3.0,0.0,1.06199,1.0651500000000003,win,tp,ORB,0,44.0,270238.09523803863,,2023-02
bbf8e804-297d-40f5-8dad-b16c11312dcb,EURUSD,short,1.1,1.06934,1.0702,2023-02-17T14:50:00,2023-02-20 02:38:00,-94.60000000000913,0.0,-97.60000000000913,3.0,0.0,1.07015,1.0671100000000004,loss,sl,ORB,0,3588.0,-106172.83950618604,,2023-02
e634c5f1-c51e-4714-96fc-c506bdd91392,EURUSD,short,0.9,1.0642299999999998,1.06521,2023-02-22T08:10:00,2023-02-22 10:00:00,-88.20000000001826,0.0,-91.20000000001826,3.0,0.0,1.0651599999999999,1.06164,loss,sl,ORB,0,110.0,-105376.34408603229,,2023-02
e463e4b6-a4a6-443a-9117-12afbedadcc6,EURUSD,short,1.0,1.0662699999999998,1.06722,2023-03-07T08:16:00,2023-03-07 08:23:00,-95.00000000002285,0.0,-98.00000000002285,3.0,0.0,1.06717,1.0637699999999999,loss,sl,ORB,0,7.0,-105555.55555556653,,2023-03
61b94ceb-33ca-4b1f-b65e-353b343d7bfc,EURUSD,short,1.0,1.0545699999999998,1.05548,2023-03-08T14:57:00,2023-03-09 00:14:00,-91.00000000001884,0.0,-94.00000000001884,3.0,0.0,1.0554299999999999,1.05219,loss,sl,ORB,0,557.0,-105813.9534883838,,2023-03
aaa5fc5b-61ac-4e7c-b54e-6469d0057e73,EURUSD,long,0.9,1.0741100000000001,1.07313,2023-03-14T14:40:00,2023-03-14 16:00:00,-88.20000000001826,0.0,-91.20000000001826,3.0,0.0,1.07318,1.0767,loss,sl,ORB,0,80.0,-105376.34408603229,,2023-03
4c73847b-1ceb-47f7-a404-2865dccb89fc,EURUSD,long,1.0,1.07877,1.07785,2023-03-22T08:26:00,2023-03-22 08:39:00,-92.00000000000318,0.0,-95.00000000000318,3.0,0.0,1.0779,1.0811799999999994,loss,sl,ORB,0,13.0,-105747.12643679422,,2023-03
408a6f0a-44b1-4f41-921d-1668d364f2d8,EURUSD,short,0.6000000000000001,1.0872,1.08859,2023-03-22T14:41:00,2023-03-22 20:09:00,-83.40000000000015,0.0,-86.40000000000015,3.0,0.0,1.0885399999999998,1.0833800000000007,loss,sl,ORB,0,328.0,-103731.34328359025,,2023-03
e299bf45-3704-462c-80b9-b026fa1c8c84,EURUSD,long,0.9,1.08765,1.0866799999999999,2023-03-31T08:22:00,2023-03-31 10:51:00,-87.30000000001237,0.0,-90.30000000001237,3.0,0.0,1.08673,1.0902099999999997,loss,sl,ORB,0,149.0,-105434.78260870694,,2023-03
a4c5a696-d0ae-419c-ae62-ec2dafd34dd4,EURUSD,long,0.9,1.0858700000000001,1.0849,2023-03-31T14:40:00,2023-03-31 16:00:00,-87.30000000001237,0.0,-90.30000000001237,3.0,0.0,1.08495,1.0884299999999998,loss,sl,ORB,0,80.0,-105434.78260870694,,2023-03
7b0590e3-dc05-41a3-b6f6-8eef9a4a0d2b,EURUSD,long,0.9,1.09058,1.08964,2023-04-05T14:49:00,2023-04-05 20:44:00,-84.60000000001466,0.0,-87.60000000001466,3.0,0.0,1.08969,1.0930499999999999,loss,sl,ORB,0,355.0,-105617.97752810137,,2023-04
44bedf34-4c5f-414a-8aab-27ce073ef682,EURUSD,long,1.0,1.0906500000000001,1.08977,2023-04-11T08:22:00,2023-04-11 13:09:00,-88.0000000000214,0.0,-91.0000000000214,3.0,0.0,1.08982,1.09294,loss,sl,ORB,0,287.0,-106024.0963855541,,2023-04
5e42167f-79c4-4040-a3b9-e52380f243bb,EURUSD,short,0.9,1.09378,1.09469,2023-04-20T08:20:00,2023-04-20 08:30:00,-81.89999999999698,0.0,-84.89999999999698,3.0,0.0,1.0946399999999998,1.0914000000000008,loss,sl,ORB,0,10.0,-105813.9534883853,,2023-04
d6f1fb87-2656-42d6-9d09-9d049efabbc5,EURUSD,long,0.9,1.10366,1.1060199999999993,2023-04-26T14:43:00,2023-04-27 01:45:00,212.39999999993265,0.0,209.39999999993265,3.0,0.0,1.1027900000000002,1.1060699999999994,win,tp,ORB,0,662.0,271264.3678160289,,2023-04
d1b44139-2656-4afd-99be-adbf11089d20,EURUSD,long,1.0,1.1025200000000002,1.10167,2023-04-27T14:57:00,2023-04-27 22:47:00,-85.00000000002395,0.0,-88.00000000002395,3.0,0.0,1.10172,1.1047200000000001,loss,sl,ORB,0,470.0,-106250.00000001214,,2023-04
4bfd9dc0-89db-45b4-a66f-6b0e28c71bf1,EURUSD,short,0.9,1.10069,1.0983300000000007,2023-05-08T14:43:00,2023-05-09 03:20:00,212.39999999993265,0.0,209.39999999993265,3.0,0.0,1.1015599999999999,1.0982800000000006,win,tp,ORB,0,757.0,271264.3678160289,,2023-05
a238187d-f6b0-45c6-8fb4-90849eb8f7d9,EURUSD,long,0.9,1.08152,1.0806,2023-05-18T08:20:00,2023-05-18 08:30:00,-82.80000000000287,0.0,-85.80000000000287,3.0,0.0,1.08065,1.0839299999999994,loss,sl,ORB,0,10.0,-105747.1264367942,,2023-05
9a1fd0e3-1396-45a8-b593-fade663d8c5a,EURUSD,long,0.6000000000000001,1.07803,1.07673,2023-05-23T08:12:00,2023-05-23 08:32:00,-78.00000000000475,0.0,-81.00000000000475,3.0,0.0,1.07678,1.0815799999999995,loss,sl,ORB,0,20.0,-104000.00000000854,,2023-05
e34a5455-561c-4924-afbe-d364776515fe,EURUSD,short,0.6000000000000001,1.0686499999999999,1.0701100000000001,2023-06-01T08:20:00,2023-06-01 08:30:00,-87.60000000001433,0.0,-90.60000000001433,3.0,0.0,1.07006,1.06462,loss,sl,ORB,0,10.0,-103546.09929078727,,2023-06
185b1853-947d-4f57-aa3f-6c1406da5acd,EURUSD,short,0.8,1.0791099999999998,1.0802100000000001,2023-06-13T08:28:00,2023-06-13 08:30:00,-88.00000000002584,0.0,-91.00000000002584,3.0,0.0,1.08016,1.0761599999999996,loss,sl,ORB,0,2.0,-104761.90476191383,,2023-06
c858e0a7-b7bb-4130-9221-111903b7c4d3,EURUSD,long,0.9,1.07892,1.07796,2023-06-13T14:57:00,2023-06-14 01:30:00,-86.40000000000647,0.0,-89.40000000000647,3.0,0.0,1.0780100000000001,1.0814499999999996,loss,sl,ORB,0,633.0,-105494.50549451729,,2023-06
a3624a2b-c883-4c36-87e1-dbe69741db4a,EURUSD,short,0.9,1.0911899999999999,1.0889200000000006,2023-06-30T14:56:00,2023-07-03 02:22:00,204.29999999993953,0.0,201.29999999993953,3.0,0.0,1.0920299999999998,1.0888700000000004,win,tp,ORB,0,3566.0,270238.0952380307,,2023-07
1b936ab5-3f47-43b2-a6f0-6f1ba3d4213b,EURUSD,long,1.0,1.0997100000000002,1.10186,2023-07-10T14:54:00,2023-07-10 22:56:00,214.99999999998744,0.0,211.99999999998744,3.0,0.0,1.09891,1.1019100000000002,win,tp,ORB,0,482.0,268749.9999999393,,2023-07
f2432870-19dd-4933-a792-3ce5cb62a9c1,EURUSD,long,1.0,1.1221,1.12121,2023-07-13T14:47:00,2023-07-14 02:47:00,-89.00000000000574,0.0,-92.00000000000574,3.0,0.0,1.1212600000000001,1.1244199999999995,loss,sl,ORB,0,720.0,-105952.38095239385,,2023-07
444dea3f-058d-430a-98e5-091c5f66d805,EURUSD,short,0.7000000000000001,1.09604,1.09717,2023-08-01T08:20:00,2023-08-01 09:14:00,-79.10000000000528,0.0,-82.10000000000528,3.0,0.0,1.0971199999999999,1.0930000000000004,loss,sl,ORB,0,54.0,-104629.62962963952,,2023-08
e1f99f45-1dd3-4320-977b-73d4eaf1c809,EURUSD,short,0.9,1.0944099999999999,1.09531,2023-08-03T14:55:00,2023-08-03 19:29:00,-81.00000000001107,0.0,-84.00000000001107,3.0,0.0,1.09526,1.0920600000000003,loss,sl,ORB,0,274.0,-105882.35294118877,,2023-08
2f302b5a-030a-4aab-9a6f-96ca4d9ab909,EURUSD,long,0.7000000000000001,1.0940200000000002,1.09728,2023-08-08T08:23:00,2023-08-09 01:05:00,228.19999999998728,0.0,225.19999999998728,3.0,0.0,1.09285,1.0973300000000001,win,tp,ORB,0,1002.0,278632.4786324356,,2023-08
65990aee-9798-4c68-b620-d2dfd848bbde,EURUSD,short,1.0,1.09822,1.09912,2023-08-10T14:46:00,2023-08-10 14:51:00,-90.00000000001229,0.0,-93.00000000001229,3.0,0.0,1.09907,1.0958700000000003,loss,sl,ORB,0,5.0,-105882.35294118876,,2023-08
844a7823-62c9-4fc8-9856-3d6ca30cb6ee,EURUSD,short,0.7000000000000001,1.09228,1.09356,2023-08-15T08:20:00,2023-08-15 09:09:00,-89.6000000000119,0.0,-92.6000000000119,3.0,0.0,1.09351,1.0887900000000001,loss,sl,ORB,0,49.0,-104065.04065041487,,2023-08
cff5f6fa-82ba-4f28-bfcf-7db4b051ff8f,EURUSD,short,0.8,1.0906399999999998,1.0880100000000001,2023-08-21T08:11:00,2023-08-21 10:19:00,210.39999999997505,0.0,207.39999999997505,3.0,0.0,1.0916,1.08796,win,tp,ORB,0,128.0,273958.3333332803,,2023-08
047f1bd4-e16f-4130-ae8c-06484aed3062,EURUSD,short,0.9,1.0807699999999998,1.0817700000000001,2023-08-23T08:15:00,2023-08-23 09:11:00,-90.00000000003006,0.0,-93.00000000003006,3.0,0.0,1.08172,1.0781199999999995,loss,sl,ORB,0,56.0,-105263.15789474668,,2023-08
7834e49d-09e6-4dc5-a4e5-be3de38a43b3,EURUSD,long,0.8,1.0810000000000002,1.07994,2023-08-28T08:10:00,2023-08-28 09:35:00,-84.80000000002264,0.0,-87.80000000002264,3.0,0.0,1.07999,1.0838300000000003,loss,sl,ORB,0,85.0,-104950.49504951453,,2023-08
c6f98247-8978-495f-8194-b4ee0a1076e5,EURUSD,long,0.9,1.0890900000000001,1.0914499999999994,2023-08-30T08:23:00,2023-08-30 08:32:00,212.39999999993265,0.0,209.39999999993265,3.0,0.0,1.0882200000000002,1.0914999999999995,win,tp,ORB,0,9.0,271264.3678160289,,2023-08
5bb861e5-bf47-46f0-967c-fe4105cde173,EURUSD,short,0.9,1.0845999999999998,1.08559,2023-08-31T14:54:00,2023-09-01 03:31:00,-89.10000000002417,0.0,-92.10000000002417,3.0,0.0,1.08554,1.0819799999999997,loss,sl,ORB,0,757.0,-105319.14893618053,,2023-09
6e94100c-a4f6-4df5-bc05-f82a6a32e2e4,EURUSD,short,0.9,1.07348,1.070940000000001,2023-09-06T08:27:00,2023-09-06 10:00:00,228.59999999991888,0.0,225.59999999991888,3.0,0.0,1.0744099999999999,1.0708900000000008,win,tp,ORB,0,93.0,273118.27956983214,,2023-09
7dedf0c9-c73e-460a-97be-cb323b0fecbb,EURUSD,long,0.9,1.0705200000000001,1.07306,2023-09-08T08:13:00,2023-09-08 10:00:00,228.59999999997882,0.0,225.59999999997882,3.0,0.0,1.06959,1.07311,win,tp,ORB,0,107.0,273118.27956983855,,2023-09
7b344921-aab2-4d0d-a9cb-fb3dee6d12e9,EURUSD,short,1.0,1.06974,1.07068,2023-09-08T14:58:00,2023-09-10 17:00:00,-94.00000000001629,0.0,-97.00000000001629,3.0,0.0,1.07063,1.0672700000000002,loss,sl,ORB,0,3002.0,-105617.97752810137,,2023-09
a71b80af-cbaa-4abe-a5cb-64bf47b224a3,EURUSD,short,1.0,1.0732199999999998,1.07415,2023-09-13T14:55:00,2023-09-13 20:54:00,-93.00000000000975,0.0,-96.00000000000975,3.0,0.0,1.0740999999999998,1.0707800000000003,loss,sl,ORB,0,359.0,-105681.81818183023,,2023-09
de82e445-4219-48c2-bc32-eee67237a754,EURUSD,short,1.0,1.0678899999999998,1.06875,2023-09-18T14:47:00,2023-09-18 16:00:00,-86.0000000000305,0.0,-89.0000000000305,3.0,0.0,1.0687,1.0656599999999996,loss,sl,ORB,0,73.0,-106172.83950618435,,2023-09
20621c7f-19bc-495d-9309-2b7d12a836d2,EURUSD,long,0.9,1.05658,1.05566,2023-09-26T14:57:00,2023-09-26 20:50:00,-82.80000000000287,0.0,-85.80000000000287,3.0,0.0,1.0557100000000001,1.0589899999999994,loss,sl,ORB,0,353.0,-105747.1264367942,,2023-09
05732646-e1d9-4acb-b182-7d25d0893671,EURUSD,long,0.9,1.0503,1.04934,2023-09-27T14:38:00,2023-09-28 02:44:00,-86.40000000000647,0.0,-89.40000000000647,3.0,0.0,1.04939,1.0528299999999995,loss,sl,ORB,0,726.0,-105494.50549451729,,2023-09
cf97522b-9b89-4059-82a7-ae45cc62dd44,EURUSD,long,1.0,1.04777,1.0468899999999999,2023-10-03T14:44:00,2023-10-03 16:10:00,-88.0000000000214,0.0,-91.0000000000214,3.0,0.0,1.04694,1.05006,loss,sl,ORB,0,86.0,-106024.0963855541,,2023-10
471fddc4-549e-4d58-88e6-e92d229f33c6,EURUSD,long,0.6000000000000001,1.0514800000000002,1.05013,2023-10-04T08:21:00,2023-10-04 10:00:00,-81.00000000001108,0.0,-84.00000000001108,3.0,0.0,1.0501800000000001,1.05518,loss,sl,ORB,0,99.0,-103846.15384616173,,2023-10
91359d3b-01b8-447b-9e21-907376eac85e,EURUSD,long,0.9,1.05247,1.05154,2023-10-05T08:15:00,2023-10-05 08:24:00,-83.70000000000877,0.0,-86.70000000000877,3.0,0.0,1.05159,1.0549099999999996,loss,sl,ORB,0,9.0,-105681.81818183023,,2023-10
9059e137-9b1d-4489-8358-c55aec7db8e2,EURUSD,short,0.9,1.0545799999999999,1.05549,2023-10-05T14:41:00,2023-10-06 05:40:00,-81.90000000001696,0.0,-84.90000000001696,3.0,0.0,1.05544,1.0522,loss,sl,ORB,0,899.0,-105813.9534883838,,2023-10
2fd5bd58-fcbc-4676-9161-8a3fe6890cac,EURUSD,short,0.7000000000000001,1.0559599999999998,1.0530899999999999,2023-10-06T08:24:00,2023-10-06 08:30:00,200.899999999995,0.0,197.899999999995,3.0,0.0,1.057,1.0530399999999998,win,tp,ORB,0,6.0,275961.5384614913,,2023-10
c9c9f401-c970-4e00-9f68-1005848a4338,EURUSD,long,0.9,1.0600100000000001,1.0625199999999997,2023-10-10T14:48:00,2023-10-11 03:43:00,225.89999999996112,0.0,222.89999999996112,3.0,0.0,1.05909,1.0625699999999998,win,tp,ORB,0,775.0,272826.0869564653,,2023-10
986b5790-fe26-4396-a495-0b477d08c72c,EURUSD,long,0.8,1.06048,1.0594299999999999,2023-10-11T08:25:00,2023-10-11 08:30:00,-84.0000000000174,0.0,-87.0000000000174,3.0,0.0,1.05948,1.06328,loss,sl,ORB,0,5.0,-105000.00000000998,,2023-10
807cff85-637f-4f1a-b558-1a3c81263e4f,EURUSD,short,1.0,1.0530899999999999,1.05394,2023-10-12T14:48:00,2023-10-12 20:09:00,-85.00000000002395,0.0,-88.00000000002395,3.0,0.0,1.05389,1.0508899999999999,loss,sl,ORB,0,321.0,-106250.00000001214,,2023-10
5c633b46-8d18-4fa2-a48d-9c360cd0c06a,EURUSD,short,0.9,1.0532199999999998,1.05413,2023-10-16T08:16:00,2023-10-16 08:22:00,-81.90000000001696,0.0,-84.90000000001696,3.0,0.0,1.05408,1.05084,loss,sl,ORB,0,6.0,-105813.9534883838,,2023-10
2c674afe-36f3-42ac-a24f-0dbd04a39615,EURUSD,short,0.8,1.0569799999999998,1.05444,2023-10-17T08:15:00,2023-10-17 08:34:00,203.19999999998117,0.0,200.19999999998117,3.0,0.0,1.05791,1.05439,win,tp,ORB,0,19.0,273118.27956983855,,2023-10
af986a69-5c97-4d43-928f-8ea61e5ab127,EURUSD,long,0.9,1.0572400000000002,1.05633,2023-10-17T14:44:00,2023-10-17 20:36:00,-81.90000000001696,0.0,-84.90000000001696,3.0,0.0,1.05638,1.05962,loss,sl,ORB,0,352.0,-105813.9534883838,,2023-10
88281897-0c4d-467b-aeda-c012e640ca8a,EURUSD,long,0.9,1.0560100000000001,1.0583099999999996,2023-10-19T08:12:00,2023-10-19 12:01:00,206.99999999995723,0.0,203.99999999995723,3.0,0.0,1.05516,1.0583599999999997,win,tp,ORB,0,229.0,270588.2352940562,,2023-10
d9d9a107-5f82-43b7-84e0-ab61f6c0a13d,EURUSD,short,0.9,1.0583999999999998,1.05936,2023-10-19T14:45:00,2023-10-20 04:40:00,-86.40000000002645,0.0,-89.40000000002645,3.0,0.0,1.05931,1.0558699999999996,loss,sl,ORB,0,835.0,-105494.50549451594,,2023-10
3ff139a1-3334-4352-a4e2-1f71777c7480,EURUSD,short,0.9,1.0596299999999998,1.06056,2023-10-23T08:09:00,2023-10-23 08:18:00,-83.70000000000877,0.0,-86.70000000000877,3.0,0.0,1.0605099999999998,1.0571900000000003,loss,sl,ORB,0,9.0,-105681.81818183023,,2023-10
1035708b-ccc3-4eb5-8c80-c030afb79bae,EURUSD,long,0.9,1.05396,1.0564699999999996,2023-10-27T08:16:00,2023-10-27 08:54:00,225.89999999996112,0.0,222.89999999996112,3.0,0.0,1.05304,1.0565199999999997,win,tp,ORB,0,38.0,272826.0869564653,,2023-10
02dc0506-d036-499d-bd38-1d93c08cfa05,EURUSD,short,0.8,1.0598299999999998,1.06093,2023-10-30T08:15:00,2023-10-30 08:58:00,-88.00000000000807,0.0,-91.00000000000807,3.0,0.0,1.0608799999999998,1.0568800000000003,loss,sl,ORB,0,43.0,-104761.90476191483,,2023-10
4e2ae0ba-0336-4731-9836-1a74c81e2686,EURUSD,short,0.9,1.07263,1.07354,2023-11-03T14:41:00,2023-11-05 23:02:00,-81.89999999999698,0.0,-84.89999999999698,3.0,0.0,1.0734899999999998,1.0702500000000008,loss,sl,ORB,0,3381.0,-105813.9534883853,,2023-11
918fc966-795f-4d47-90c9-6bc5e17337d1,EURUSD,short,0.9,1.07377,1.07475,2023-11-06T08:14:00,2023-11-06 11:06:00,-88.20000000001826,0.0,-91.20000000001826,3.0,0.0,1.0747,1.07118,loss,sl,ORB,0,172.0,-105376.34408603229,,2023-11
4d28c469-ad5e-420c-afef-7738071b55ac,EURUSD,short,0.9,1.0695599999999998,1.0670799999999998,2023-11-07T14:55:00,2023-11-08 04:03:00,223.2000000000034,0.0,220.2000000000034,3.0,0.0,1.07047,1.0670299999999997,win,tp,ORB,0,788.0,272527.4725274202,,2023-11
0fb5a674-630a-47cb-a50b-f596aefa7f97,EURUSD,long,0.9,1.0692100000000002,1.07175,2023-11-09T08:11:00,2023-11-09 09:52:00,228.59999999997882,0.0,225.59999999997882,3.0,0.0,1.0682800000000001,1.0718,win,tp,ORB,0,101.0,273118.27956983855,,2023-11
8b499f0e-4f8c-4307-b630-6bf4f07b5be3,EURUSD,short,0.8,1.0664099999999999,1.06749,2023-11-09T14:50:00,2023-11-09 15:10:00,-86.40000000001535,0.0,-89.40000000001535,3.0,0.0,1.06744,1.06352,loss,sl,ORB,0,20.0,-104854.36893204867,,2023-11
bdd5d1a1-ec82-484f-8d76-3ba68e9231d1,EURUSD,long,0.9,1.0871600000000001,1.08621,2023-11-15T08:16:00,2023-11-15 08:31:00,-85.50000000002056,0.0,-88.50000000002056,3.0,0.0,1.08626,1.08966,loss,sl,ORB,0,15.0,-105555.55555556652,,2023-11
db56e0a0-f557-4a35-a26e-672721ba111c,EURUSD,long,1.0,1.0847900000000001,1.0870899999999997,2023-11-16T08:27:00,2023-11-16 08:37:00,229.99999999995248,0.0,226.99999999995248,3.0,0.0,1.0839400000000001,1.0871399999999998,win,tp,ORB,0,10.0,270588.2352940562,,2023-11
17dcbd18-3bd6-4152-ae9a-e3fd5e6a01f4,EURUSD,long,1.0,1.0946900000000002,1.09378,2023-11-20T14:59:00,2023-11-20 17:42:00,-91.00000000001884,0.0,-94.00000000001884,3.0,0.0,1.09383,1.09707,loss,sl,ORB,0,163.0,-105813.9534883838,,2023-11
48b13a9f-f6a2-455f-9f5a-e41d7a311a24,EURUSD,short,0.8,1.09825,1.09934,2023-11-29T08:25:00,2023-11-29 08:31:00,-87.20000000000283,0.0,-90.20000000000283,3.0,0.0,1.0992899999999999,1.0953300000000006,loss,sl,ORB,0,6.0,-104807.69230770277,,2023-11
555f55b0-fc75-45c7-86fc-4f008bdbfdbc,EURUSD,short,0.9,1.0980699999999999,1.09541,2023-11-29T14:58:00,2023-11-30 02:43:00,239.39999999998963,0.0,236.39999999998963,3.0,0.0,1.09904,1.09536,win,tp,ORB,0,705.0,274226.8041236606,,2023-11
9bfcb84e-7bcf-4aad-9240-2aa455116a34,EURUSD,long,1.0,1.08928,1.08839,2023-11-30T14:48:00,2023-11-30 15:14:00,-89.00000000000574,0.0,-92.00000000000574,3.0,0.0,1.08844,1.0915999999999995,loss,sl,ORB,0,26.0,-105952.38095239385,,2023-11
f0bea35e-a5e7-455c-a6f8-6c57e494c9e1,EURUSD,short,1.0,1.08737,1.08826,2023-12-01T14:53:00,2023-12-01 16:55:00,-89.00000000000574,0.0,-92.00000000000574,3.0,0.0,1.08821,1.0850500000000005,loss,sl,ORB,0,122.0,-105952.38095239385,,2023-12
226d358d-de13-4002-ac12-61afe3d4043d,EURUSD,long,1.0,1.0784900000000002,1.07761,2023-12-05T14:56:00,2023-12-06 03:31:00,-88.0000000000214,0.0,-91.0000000000214,3.0,0.0,1.07766,1.08078,loss,sl,ORB,0,755.0,-106024.0963855541,,2023-12
7bc43bc8-f94b-45f7-aee8-9e548ae69f01,EURUSD,short,1.0,1.0756599999999998,1.0765500000000001,2023-12-08T14:38:00,2023-12-08 15:28:00,-89.00000000002794,0.0,-92.00000000002794,3.0,0.0,1.0765,1.0733399999999997,loss,sl,ORB,0,50.0,-105952.38095239227,,2023-12
95c87e02-022d-4247-a8af-b782c6ba337a,EURUSD,long,1.0,1.0759500000000002,1.07505,2023-12-11T08:29:00,2023-12-11 09:17:00,-90.00000000001229,0.0,-93.00000000001229,3.0,0.0,1.0751000000000002,1.0782999999999998,loss,sl,ORB,0,48.0,-105882.35294118876,,2023-12
68c7778d-88e1-47d1-951c-94d84dc7ebb1,EURUSD,short,1.0,1.07883,1.07969,2023-12-12T14:54:00,2023-12-12 15:17:00,-86.0000000000083,0.0,-89.0000000000083,3.0,0.0,1.07964,1.0766000000000004,loss,sl,ORB,0,23.0,-106172.83950618605,,2023-12
64461da8-5b08-423e-aa81-9dd5de74dcdc,EURUSD,long,0.8,1.0931000000000002,1.09203,2023-12-14T08:28:00,2023-12-14 08:30:00,-85.60000000001013,0.0,-88.60000000001013,3.0,0.0,1.0920800000000002,1.0959599999999998,loss,sl,ORB,0,2.0,-104901.96078432398,,2023-12
869ff2d6-5c0e-4f9f-a8a9-22b7b750e3e4,EURUSD,long,0.9,1.0897400000000002,1.0921299999999996,2023-12-15T14:51:00,2023-12-18 02:22:00,215.09999999995034,0.0,212.09999999995034,3.0,0.0,1.0888600000000002,1.0921799999999997,win,tp,ORB,0,3571.0,271590.9090908489,,2023-12
73d1eeee-a3ff-4f80-868d-78ec3360cedd,EURUSD,short,0.9,1.09581,1.09673,2023-12-19T08:24:00,2023-12-19 09:26:00,-82.80000000000287,0.0,-85.80000000000287,3.0,0.0,1.0966799999999999,1.0934000000000006,loss,sl,ORB,0,62.0,-105747.1264367942,,2023-12
c0e97ef4-6a66-4346-a803-4053592e3ae0,EURUSD,short,0.8,1.09463,1.0957000000000001,2023-12-20T14:56:00,2023-12-21 06:02:00,-85.60000000001013,0.0,-88.60000000001013,3.0,0.0,1.09565,1.0917700000000004,loss,sl,ORB,0,906.0,-104901.96078432398,,2023-12
b75ce6f0-9db5-477e-9939-f329812f46c2,EURUSD,short,1.0,1.1065099999999999,1.10738,2023-12-27T08:18:00,2023-12-27 08:56:00,-87.00000000001484,0.0,-90.00000000001484,3.0,0.0,1.10733,1.1042500000000002,loss,sl,ORB,0,38.0,-106097.5609756223,,2023-12
f4c8f333-2027-45ff-978d-5a4fc6a909d5,EURUSD,short,0.7000000000000001,1.0913799999999998,1.09262,2024-01-03T08:21:00,2024-01-03 08:31:00,-86.8000000000091,0.0,-89.8000000000091,3.0,0.0,1.0925699999999998,1.0880100000000001,loss,sl,ORB,0,10.0,-104201.6806722777,,2024-01
d7b3e2d6-e704-45fa-8a6a-2376fae2e576,EURUSD,short,0.7000000000000001,1.0915899999999998,1.09279,2024-01-03T14:55:00,2024-01-03 18:54:00,-84.0000000000063,0.0,-87.0000000000063,3.0,0.0,1.0927399999999998,1.0883400000000003,loss,sl,ORB,0,239.0,-104347.82608696575,,2024-01
db62636f-f6c6-4e4f-adb0-b5c9a4d0d5d7,EURUSD,long,0.7000000000000001,1.09502,1.09393,2024-01-04T08:23:00,2024-01-04 08:30:00,-76.30000000000248,0.0,-79.30000000000248,3.0,0.0,1.0939800000000002,1.0979399999999995,loss,sl,ORB,0,7.0,-104807.69230770277,,2024-01
ab2e518f-d292-4414-a70d-e3a5ed124550,EURUSD,short,0.9,1.09453,1.09547,2024-01-05T14:57:00,2024-01-08 08:38:00,-84.59999999999468,0.0,-87.59999999999468,3.0,0.0,1.0954199999999998,1.092060000000001,loss,sl,ORB,0,3941.0,-105617.97752810278,,2024-01
3897258c-2f8e-4706-8032-dba755591660,EURUSD,short,0.8,1.09682,1.09782,2024-01-10T14:53:00,2024-01-10 19:47:00,-80.00000000000897,0.0,-83.00000000000897,3.0,0.0,1.09777,1.0941700000000003,loss,sl,ORB,0,294.0,-105263.15789474793,,2024-01
05145e95-5604-42d5-a214-d9c2bf4e2a20,EURUSD,long,0.9,1.0980400000000001,1.09713,2024-01-11T14:48:00,2024-01-11 15:06:00,-81.90000000001696,0.0,-84.90000000001696,3.0,0.0,1.09718,1.10042,loss,sl,ORB,0,18.0,-105813.9534883838,,2024-01
9bb803ad-3b80-4c83-892f-dea58c6f7feb,EURUSD,short,0.8,1.0947799999999999,1.0923900000000004,2024-01-15T08:26:00,2024-01-15 19:55:00,191.19999999995585,0.0,188.19999999995585,3.0,0.0,1.0956599999999999,1.0923400000000003,win,tp,ORB,0,689.0,271590.9090908489,,2024-01
2107d603-1d00-41ed-9a35-9b7368af70cb,EURUSD,short,0.7000000000000001,1.0867399999999998,1.08782,2024-01-17T08:24:00,2024-01-17 14:42:00,-75.60000000001344,0.0,-78.60000000001344,3.0,0.0,1.08777,1.08385,loss,sl,ORB,0,378.0,-104854.36893204866,,2024-01
a7ace1fb-6378-411f-a3e9-bb3e868cb559,EURUSD,long,0.7000000000000001,1.08748,1.08642,2024-01-26T08:28:00,2024-01-26 08:33:00,-74.20000000000427,0.0,-77.20000000000427,3.0,0.0,1.08647,1.0903099999999994,loss,sl,ORB,0,5.0,-104950.49504951561,,2024-01
17a86a84-3583-43ac-a5a2-dc05b50478f0,EURUSD,long,0.9,1.0818400000000001,1.0840199999999995,2024-01-29T14:50:00,2024-01-29 19:45:00,196.1999999999464,0.0,193.1999999999464,3.0,0.0,1.0810300000000002,1.0840699999999996,win,tp,ORB,0,295.0,269135.8024690698,,2024-01
b77d64bd-b2e2-4bad-bda8-64f736559094,EURUSD,long,0.5,1.08505,1.0836,2024-01-31T08:21:00,2024-01-31 14:00:00,-72.50000000000867,0.0,-75.50000000000867,3.0,0.0,1.08365,1.0890499999999999,loss,sl,ORB,0,339.0,-103571.42857143593,,2024-01
7b79cc8a-df73-4e9b-af23-9dc8b78f7888,EURUSD,long,0.7000000000000001,1.0780200000000002,1.07694,2024-02-07T08:27:00,2024-02-07 08:49:00,-75.60000000001344,0.0,-78.60000000001344,3.0,0.0,1.0769900000000001,1.08091,loss,sl,ORB,0,22.0,-104854.36893204866,,2024-02
a788f8d4-6833-4e96-a2b9-7d31ce9ae24c,EURUSD,long,0.8,1.0793400000000002,1.0784,2024-02-13T08:23:00,2024-02-13 08:30:00,-75.20000000001303,0.0,-78.20000000001303,3.0,0.0,1.0784500000000001,1.08181,loss,sl,ORB,0,7.0,-105617.97752810139,,2024-02
88693dfb-167e-4057-9867-1d45424cf3a0,EURUSD,short,0.8,1.07666,1.07763,2024-02-15T14:50:00,2024-02-15 18:20:00,-77.600000000011,0.0,-80.600000000011,3.0,0.0,1.07758,1.0741000000000003,loss,sl,ORB,0,210.0,-105434.78260870693,,2024-02
b7366027-8fa3-4304-a33c-c492d2cb11bb,EURUSD,long,0.9,1.07776,1.07688,2024-02-19T08:10:00,2024-02-19 08:51:00,-79.19999999999928,0.0,-82.19999999999928,3.0,0.0,1.0769300000000002,1.0800499999999993,loss,sl,ORB,0,41.0,-106024.0963855557,,2024-02
0307882d-1914-4b0e-b19e-d7ccbef93f2d,EURUSD,long,0.8,1.0823900000000002,1.08147,2024-02-23T14:56:00,2024-02-25 20:02:00,-73.60000000002032,0.0,-76.60000000002032,3.0,0.0,1.08152,1.0848000000000002,loss,sl,ORB,0,3186.0,-105747.12643679275,,2024-02
6b2662ad-a996-473e-b347-f4d534017129,EURUSD,short,0.9,1.0832899999999999,1.08416,2024-02-28T14:57:00,2024-02-29 03:03:00,-78.30000000001336,0.0,-81.30000000001336,3.0,0.0,1.08411,1.0810300000000002,loss,sl,ORB,0,726.0,-106097.5609756223,,2024-02
db80fb10-528b-43da-8a29-e28558dd6376,EURUSD,long,0.9,1.0857,1.0848499999999999,2024-03-04T14:58:00,2024-03-04 20:49:00,-76.50000000002156,0.0,-79.50000000002156,3.0,0.0,1.0849,1.0879,loss,sl,ORB,0,351.0,-106250.00000001214,,2024-03
c7e2bc9a-2c1e-49e1-987d-051e76bddc62,EURUSD,short,0.8,1.0851499999999998,1.0860400000000001,2024-03-05T14:54:00,2024-03-06 01:50:00,-71.20000000002236,0.0,-74.20000000002236,3.0,0.0,1.08599,1.0828299999999997,loss,sl,ORB,0,656.0,-105952.38095239228,,2024-03
5c47f951-fe9a-4868-a399-92ab941345d9,EURUSD,long,0.8,1.0874700000000002,1.0897400000000002,2024-03-06T08:27:00,2024-03-06 10:46:00,181.59999999999957,0.0,178.59999999999957,3.0,0.0,1.08663,1.0897900000000003,win,tp,ORB,0,139.0,270238.09523803863,,2024-03
963480eb-3760-4a8c-b1ae-e1f38fbac3a3,EURUSD,short,0.8,1.0896499999999998,1.09057,2024-03-06T14:55:00,2024-03-06 19:08:00,-73.60000000002032,0.0,-76.60000000002032,3.0,0.0,1.09052,1.0872399999999998,loss,sl,ORB,0,253.0,-105747.12643679275,,2024-03
066478a1-651f-482a-a527-253930033c5c,EURUSD,short,0.6000000000000001,1.0914899999999998,1.09277,2024-03-12T08:09:00,2024-03-12 15:40:00,-76.80000000001021,0.0,-79.80000000001021,3.0,0.0,1.09272,1.088,loss,sl,ORB,0,451.0,-104065.04065041489,,2024-03
04d976e9-8afb-4de8-8bdd-f3a27366e891,EURUSD,short,0.8,1.08571,1.08658,2024-03-21T14:41:00,2024-03-21 19:16:00,-69.60000000001187,0.0,-72.60000000001187,3.0,0.0,1.08653,1.0834500000000002,loss,sl,ORB,0,275.0,-106097.5609756223,,2024-03
4aef7e8f-517f-426d-af26-8f7e7f2864d8,EURUSD,short,0.8,1.0815599999999999,1.08242,2024-03-27T08:16:00,2024-03-27 11:45:00,-68.80000000000665,0.0,-71.80000000000665,3.0,0.0,1.0823699999999998,1.0793300000000003,loss,sl,ORB,0,209.0,-106172.83950618606,,2024-03
20c4c0f5-b17e-43a2-93b5-d8b94a929993,EURUSD,short,0.7000000000000001,1.0782399999999999,1.0792300000000001,2024-04-03T08:19:00,2024-04-03 09:43:00,-69.3000000000188,0.0,-72.3000000000188,3.0,0.0,1.07918,1.0756199999999998,loss,sl,ORB,0,84.0,-105319.14893618051,,2024-04
54cf3335-a331-4722-8608-70bdb667b90e,EURUSD,short,0.8,1.0852099999999998,1.08614,2024-04-04T08:18:00,2024-04-04 08:42:00,-74.40000000002556,0.0,-77.40000000002556,3.0,0.0,1.08609,1.0827699999999996,loss,sl,ORB,0,24.0,-105681.81818182878,,2024-04
1a6c60ce-2e47-46ac-83d7-493433c67952,EURUSD,short,0.8,1.0824399999999998,1.0833300000000001,2024-04-08T08:14:00,2024-04-08 08:41:00,-71.20000000002236,0.0,-74.20000000002236,3.0,0.0,1.08328,1.0801199999999997,loss,sl,ORB,0,27.0,-105952.38095239228,,2024-04
d64d4c19-1927-4048-82a3-9ceb7ee6630c,EURUSD,short,0.8,1.0729799999999998,1.0707700000000002,2024-04-11T14:44:00,2024-04-12 02:01:00,176.79999999996812,0.0,173.79999999996812,3.0,0.0,1.0737999999999999,1.0707200000000001,win,tp,ORB,0,677.0,269512.1951218885,,2024-04
9f9aa010-1a2b-452c-944f-2ada7755114f,EURUSD,short,0.7000000000000001,1.0652199999999998,1.06268,2024-04-15T08:21:00,2024-04-15 10:10:00,177.79999999998356,0.0,174.79999999998356,3.0,0.0,1.06615,1.06263,win,tp,ORB,0,109.0,273118.27956983855,,2024-04
68d9a9ad-f96a-4653-8712-0bcae0b3f065,EURUSD,short,0.8,1.0647199999999999,1.06561,2024-04-19T14:44:00,2024-04-19 16:34:00,-71.2000000000046,0.0,-74.2000000000046,3.0,0.0,1.0655599999999998,1.0624000000000005,loss,sl,ORB,0,110.0,-105952.38095239384,,2024-04
7d35b288-f40d-4912-ac51-9d2e647e35de,EURUSD,long,0.8,1.0642,1.06329,2024-04-22T08:26:00,2024-04-22 09:16:00,-72.79999999999733,0.0,-75.79999999999733,3.0,0.0,1.0633400000000002,1.0665799999999992,loss,sl,ORB,0,50.0,-105813.9534883853,,2024-04
156301f1-d364-41cd-a794-0c0560bae6ad,EURUSD,short,0.8,1.0685099999999998,1.06945,2024-04-24T08:24:00,2024-04-24 09:20:00,-75.20000000001303,0.0,-78.20000000001303,3.0,0.0,1.0694,1.06604,loss,sl,ORB,0,56.0,-105617.97752810139,,2024-04
77a7b1d5-7253-4cdd-a44f-c5de7950de47,EURUSD,long,0.8,1.0729000000000002,1.0751999999999997,2024-05-02T14:49:00,2024-05-03 08:21:00,183.999999999962,0.0,180.999999999962,3.0,0.0,1.0720500000000002,1.0752499999999998,win,tp,ORB,0,1052.0,270588.23529405624,,2024-05
45207770-0609-4def-9cf0-7d7dde1f5cfe,EURUSD,long,0.8,1.0747200000000001,1.07378,2024-05-08T14:48:00,2024-05-09 02:43:00,-75.20000000001303,0.0,-78.20000000001303,3.0,0.0,1.07383,1.0771899999999999,loss,sl,ORB,0,715.0,-105617.97752810139,,2024-05
f9998a48-881a-4725-b677-93c2f3ab7180,EURUSD,long,0.8,1.0875000000000001,1.08664,2024-05-17T14:50:00,2024-05-19 17:00:00,-68.80000000000665,0.0,-71.80000000000665,3.0,0.0,1.0866900000000002,1.0897299999999996,loss,sl,ORB,0,3010.0,-106172.83950618606,,2024-05
8f4a7b6a-194a-4516-bf99-d4ddce3a2ad3,EURUSD,short,0.8,1.08507,1.08593,2024-05-21T14:53:00,2024-05-21 19:19:00,-68.80000000000665,0.0,-71.80000000000665,3.0,0.0,1.08588,1.0828400000000005,loss,sl,ORB,0,266.0,-106172.83950618606,,2024-05
8a916d64-0c65-47eb-a12b-ed58d1ab1678,EURUSD,short,0.8,1.0848799999999998,1.08578,2024-05-24T14:48:00,2024-05-27 05:45:00,-72.00000000000983,0.0,-75.00000000000983,3.0,0.0,1.0857299999999999,1.0825300000000002,loss,sl,ORB,0,3777.0,-105882.35294118876,,2024-05
c0b4c627-5bce-4382-b9c5-a1caaa27c8b3,EURUSD,long,0.7000000000000001,1.08565,1.0847,2024-05-29T08:17:00,2024-05-29 08:54:00,-66.50000000000045,0.0,-69.50000000000045,3.0,0.0,1.08475,1.0881499999999993,loss,sl,ORB,0,37.0,-105555.5555555679,,2024-05
82e4be9e-90d8-4204-a2bb-956c3def0aa8,EURUSD,short,0.8,1.0844999999999998,1.08536,2024-05-31T14:40:00,2024-06-02 18:01:00,-68.8000000000244,0.0,-71.8000000000244,3.0,0.0,1.08531,1.0822699999999996,loss,sl,ORB,0,3081.0,-106172.83950618433,,2024-06
547e1fc6-4990-44f2-991b-c44ad42e033b,EURUSD,long,0.7000000000000001,1.0895800000000002,1.08866,2024-06-03T14:45:00,2024-06-04 03:25:00,-64.40000000001778,0.0,-67.40000000001778,3.0,0.0,1.08871,1.0919900000000002,loss,sl,ORB,0,760.0,-105747.12643679277,,2024-06
2e71cd8a-abc3-49c1-a281-a317a199cfd1,EURUSD,long,0.7000000000000001,1.08725,1.08636,2024-06-05T08:09:00,2024-06-05 10:10:00,-62.300000000004026,0.0,-65.30000000000402,3.0,0.0,1.08641,1.0895699999999995,loss,sl,ORB,0,121.0,-105952.38095239385,,2024-06
9271bbed-3d87-41ae-acf2-7944551e53ef,EURUSD,short,0.7000000000000001,1.0732199999999998,1.07413,2024-06-18T14:42:00,2024-06-18 16:12:00,-63.7000000000132,0.0,-66.7000000000132,3.0,0.0,1.07408,1.07084,loss,sl,ORB,0,90.0,-105813.9534883838,,2024-06
c20a73ca-a7cf-4efa-a6b5-0131d3b613c7,EURUSD,short,0.7000000000000001,1.0714,1.0691300000000006,2024-06-20T14:41:00,2024-06-21 03:15:00,158.899999999953,0.0,155.899999999953,3.0,0.0,1.0722399999999999,1.0690800000000005,win,tp,ORB,0,754.0,270238.0952380308,,2024-06
9fbe258a-fb2b-4dbd-8094-a07f89d9137d,EURUSD,short,0.8,1.0714899999999998,1.06934,2024-06-25T14:51:00,2024-06-26 03:02:00,171.99999999998997,0.0,168.99999999998997,3.0,0.0,1.07229,1.0692899999999999,win,tp,ORB,0,731.0,268749.99999993935,,2024-06
26bd0b2c-95bf-47b7-9394-f10cb6d10db6,EURUSD,short,0.7000000000000001,1.0712799999999998,1.07221,2024-06-28T14:47:00,2024-06-30 17:00:00,-65.10000000002236,0.0,-68.10000000002236,3.0,0.0,1.07216,1.0688399999999996,loss,sl,ORB,0,3013.0,-105681.81818182877,,2024-06
7a0d13f4-db09-4731-bfbd-b83d52ca4e44,EURUSD,short,0.7000000000000001,1.0742299999999998,1.0751600000000001,2024-07-01T08:15:00,2024-07-01 09:02:00,-65.10000000002236,0.0,-68.10000000002236,3.0,0.0,1.07511,1.0717899999999996,loss,sl,ORB,0,47.0,-105681.81818182877,,2024-07
20d1961a-d35f-41b9-b641-df126d396e71,EURUSD,long,0.7000000000000001,1.0827300000000002,1.08176,2024-07-05T08:19:00,2024-07-05 08:30:00,-67.90000000000963,0.0,-70.90000000000963,3.0,0.0,1.0818100000000002,1.0852899999999999,loss,sl,ORB,0,11.0,-105434.78260870694,,2024-07
7dd57ca0-5c5d-47cd-b174-2a8ffcc9cf6e,EURUSD,long,0.8,1.0834000000000001,1.08255,2024-07-05T14:44:00,2024-07-07 17:00:00,-68.00000000001916,0.0,-71.00000000001916,3.0,0.0,1.0826,1.0856000000000001,loss,sl,ORB,0,3016.0,-106250.00000001214,,2024-07
f0521bef-0072-4f9c-8bc0-170a0c86aef8,EURUSD,long,0.8,1.0825500000000001,1.0847599999999997,2024-07-10T14:59:00,2024-07-11 05:01:00,176.79999999996812,0.0,173.79999999996812,3.0,0.0,1.08173,1.0848099999999998,win,tp,ORB,0,842.0,269512.1951218885,,2024-07
3f37d85e-ab95-48fd-bd8f-eb1f0555e4ea,EURUSD,long,0.5,1.09322,1.09192,2024-07-18T08:15:00,2024-07-18 09:17:00,-65.00000000000395,0.0,-68.00000000000395,3.0,0.0,1.09197,1.0967699999999996,loss,sl,ORB,0,62.0,-104000.00000000854,,2024-07
d45a2a57-73f1-4bd1-ad67-369ddfc5b174,EURUSD,short,0.7000000000000001,1.0895299999999999,1.0872000000000002,2024-07-18T14:51:00,2024-07-23 04:07:00,163.0999999999805,0.0,160.0999999999805,3.0,0.0,1.09039,1.08715,win,tp,ORB,0,6556.0,270930.232558081,,2024-07
d73aaf2d-b513-479d-b510-adc3c98716e5,EURUSD,long,0.7000000000000001,1.08626,1.08528,2024-07-23T08:26:00,2024-07-23 09:06:00,-68.59999999999867,0.0,-71.59999999999867,3.0,0.0,1.0853300000000001,1.0888499999999992,loss,sl,ORB,0,40.0,-105376.34408603358,,2024-07
5ba50381-2833-46ba-afb6-e78919ad22bd,EURUSD,long,0.8,1.0859400000000001,1.08505,2024-07-26T14:43:00,2024-07-28 20:02:00,-71.2000000000046,0.0,-74.2000000000046,3.0,0.0,1.0851000000000002,1.0882599999999996,loss,sl,ORB,0,3199.0,-105952.38095239384,,2024-07
6013e976-cf7f-478f-8118-0a373b8a6852,EURUSD,long,0.7000000000000001,1.07921,1.0816899999999994,2024-08-01T08:21:00,2024-08-01 10:03:00,173.59999999995603,0.0,170.59999999995603,3.0,0.0,1.0783,1.0817399999999995,win,tp,ORB,0,102.0,272527.4725274135,,2024-08
1cd9609e-6235-456e-bd7e-6bbbd830f8d5,EURUSD,long,0.6000000000000001,1.0972600000000001,1.1003999999999998,2024-08-05T08:24:00,2024-08-05 08:48:00,188.39999999998196,0.0,185.39999999998196,3.0,0.0,1.09613,1.10045,win,tp,ORB,0,24.0,277876.1061946451,,2024-08
674932f8-89a2-40a4-8858-64c69733ae05,EURUSD,long,0.7000000000000001,1.09308,1.0954999999999997,2024-08-13T08:14:00,2024-08-13 09:35:00,169.39999999997514,0.0,166.39999999997514,3.0,0.0,1.09219,1.0955499999999998,win,tp,ORB,0,81.0,271910.11235949304,,2024-08
0803ee8f-a1c4-4c9c-92fd-86b8c2da098d,EURUSD,short,0.7000000000000001,1.10187,1.10288,2024-08-14T08:19:00,2024-08-14 08:30:00,-70.70000000001242,0.0,-73.70000000001242,3.0,0.0,1.10283,1.0991900000000001,loss,sl,ORB,0,11.0,-105208.33333334394,,2024-08
1e1f4e12-cdb8-4039-bf4e-10b0b69008a3,EURUSD,long,0.8,1.10149,1.10055,2024-08-14T14:45:00,2024-08-14 21:16:00,-75.20000000001303,0.0,-78.20000000001303,3.0,0.0,1.1006,1.1039599999999998,loss,sl,ORB,0,391.0,-105617.97752810139,,2024-08
d3ab2c54-65db-4b5f-a65a-1e32c97e66a0,EURUSD,short,0.7000000000000001,1.09883,1.09979,2024-08-16T08:24:00,2024-08-16 09:15:00,-67.20000000000503,0.0,-70.20000000000503,3.0,0.0,1.09974,1.0963000000000005,loss,sl,ORB,0,51.0,-105494.50549451727,,2024-08
13a33a93-3510-4fee-92d8-b4d52b166290,EURUSD,short,0.8,1.11621,1.1139100000000004,2024-08-21T14:41:00,2024-08-22 03:30:00,183.999999999962,0.0,180.999999999962,3.0,0.0,1.11706,1.1138600000000003,win,tp,ORB,0,769.0,270588.23529405624,,2024-08
94ad211d-d7fc-4b65-a1ec-b22116c079dc,EURUSD,long,0.8,1.11124,1.1135399999999995,2024-08-28T14:50:00,2024-08-29 00:02:00,183.999999999962,0.0,180.999999999962,3.0,0.0,1.11039,1.1135899999999996,win,tp,ORB,0,552.0,270588.23529405624,,2024-08
ce2b8632-52fc-4341-a722-ffb8ad765975,EURUSD,long,0.6000000000000001,1.10203,1.1051699999999998,2024-09-12T08:23:00,2024-09-12 13:56:00,188.39999999998196,0.0,185.39999999998196,3.0,0.0,1.1009,1.1052199999999999,win,tp,ORB,0,333.0,277876.1061946451,,2024-09
ce2732af-14f9-4a3b-af31-271890560ac2,EURUSD,short,0.8,1.10602,1.10697,2024-09-12T14:59:00,2024-09-12 15:33:00,-76.00000000000051,0.0,-79.00000000000051,3.0,0.0,1.10692,1.1035200000000007,loss,sl,ORB,0,34.0,-105555.55555556787,,2024-09
ba596c5b-2d07-4614-9d97-2b838a3dc2bf,EURUSD,short,0.8,1.10805,1.109,2024-09-13T08:09:00,2024-09-13 08:37:00,-76.00000000000051,0.0,-79.00000000000051,3.0,0.0,1.1089499999999999,1.1055500000000007,loss,sl,ORB,0,28.0,-105555.55555556787,,2024-09
b8acb6e2-f844-4165-9f3c-caa763b06501,EURUSD,short,0.7000000000000001,1.11615,1.1131900000000008,2024-09-18T14:57:00,2024-09-18 15:05:00,207.199999999943,0.0,204.199999999943,3.0,0.0,1.1172199999999999,1.1131400000000007,win,tp,ORB,0,8.0,276635.5140186402,,2024-09
30171b18-7765-432e-b793-35a2d26b31c2,EURUSD,short,0.8,1.1153899999999999,1.1128800000000003,2024-09-19T08:23:00,2024-09-19 08:47:00,200.79999999996545,0.0,197.79999999996545,3.0,0.0,1.11631,1.1128300000000002,win,tp,ORB,0,24.0,272826.0869564653,,2024-09
c3dc66b2-6d16-428e-8219-17c2daa12b00,EURUSD,long,0.8,1.11383,1.1163399999999997,2024-09-24T08:16:00,2024-09-24 14:04:00,200.79999999996545,0.0,197.79999999996545,3.0,0.0,1.11291,1.1163899999999998,win,tp,ORB,0,348.0,272826.0869564653,,2024-09
79c74a62-1657-43a6-a76d-e860ac081424,EURUSD,short,0.8,1.11561,1.11662,2024-09-27T08:28:00,2024-09-27 08:30:00,-80.79999999999643,0.0,-83.79999999999643,3.0,0.0,1.1165699999999998,1.1129300000000009,loss,sl,ORB,0,2.0,-105208.33333334514,,2024-09
48b5b533-ea92-4496-a470-27f432803ea0,EURUSD,long,0.9,1.0981200000000002,1.0972,2024-10-07T08:16:00,2024-10-07 08:37:00,-82.80000000002286,0.0,-85.80000000002286,3.0,0.0,1.09725,1.1005300000000002,loss,sl,ORB,0,21.0,-105747.12643679277,,2024-10
9d78094b-77d8-480f-8c93-c04c29eacf3b,EURUSD,short,0.9,1.0970099999999998,1.0978700000000001,2024-10-07T14:58:00,2024-10-07 18:34:00,-77.40000000002745,0.0,-80.40000000002745,3.0,0.0,1.09782,1.0947799999999996,loss,sl,ORB,0,216.0,-106172.83950618435,,2024-10
1c096952-96ea-4292-98c6-d9ae93c12fe3,EURUSD,short,0.9,1.08567,1.08653,2024-10-16T14:53:00,2024-10-16 17:05:00,-77.40000000000747,0.0,-80.40000000000747,3.0,0.0,1.08648,1.0834400000000004,loss,sl,ORB,0,132.0,-106172.83950618605,,2024-10
17759d9a-d63e-46e4-9fe4-df01719ebf69,EURUSD,long,0.8,1.08641,1.08541,2024-10-17T08:18:00,2024-10-17 08:30:00,-80.00000000000897,0.0,-83.00000000000897,3.0,0.0,1.08546,1.0890599999999997,loss,sl,ORB,0,12.0,-105263.15789474793,,2024-10
517e503e-7b3b-4c64-8d81-227104a222b3,EURUSD,short,0.9,1.0849099999999998,1.0858,2024-10-18T08:14:00,2024-10-18 08:34:00,-80.10000000002515,0.0,-83.10000000002515,3.0,0.0,1.08575,1.0825899999999997,loss,sl,ORB,0,20.0,-105952.38095239227,,2024-10
ca7e3d90-c3bb-4d89-9b84-142face42a60,EURUSD,short,0.8,1.07994,1.0775500000000005,2024-10-22T14:59:00,2024-10-23 07:40:00,191.19999999995585,0.0,188.19999999995585,3.0,0.0,1.08082,1.0775000000000003,win,tp,ORB,0,1001.0,271590.9090908489,,2024-10
c28120ea-bff5-46a6-9acd-7ae05e147ca7,EURUSD,long,0.9,1.0765300000000002,1.0787399999999998,2024-10-23T08:25:00,2024-10-23 20:51:00,198.8999999999641,0.0,195.8999999999641,3.0,0.0,1.0757100000000002,1.07879,win,tp,ORB,0,746.0,269512.1951218885,,2024-10
f4eb6ae2-36a5-405a-b70a-ef0f6003be8f,EURUSD,long,0.8,1.0819800000000002,1.08101,2024-10-28T08:07:00,2024-10-28 13:20:00,-77.600000000011,0.0,-80.600000000011,3.0,0.0,1.0810600000000001,1.0845399999999998,loss,sl,ORB,0,313.0,-105434.78260870693,,2024-10
f1c64f1b-4614-473c-a513-c52d0ba8fdbb,EURUSD,long,0.9,1.08634,1.08548,2024-10-30T14:41:00,2024-10-30 15:58:00,-77.40000000000747,0.0,-80.40000000000747,3.0,0.0,1.08553,1.0885699999999996,loss,sl,ORB,0,77.0,-106172.83950618605,,2024-10
39515de6-44f9-49a6-9e83-84acf000900f,EURUSD,short,0.7000000000000001,1.08757,1.0847600000000004,2024-11-01T08:15:00,2024-11-01 11:38:00,196.69999999996747,0.0,193.69999999996747,3.0,0.0,1.08859,1.0847100000000003,win,tp,ORB,0,203.0,275490.19607838016,,2024-11
19bdb8a2-a6c8-4d25-9cd4-e76a5213f425,EURUSD,short,0.9,1.0641999999999998,1.06511,2024-11-11T08:28:00,2024-11-11 09:05:00,-81.90000000001696,0.0,-84.90000000001696,3.0,0.0,1.06506,1.06182,loss,sl,ORB,0,37.0,-105813.9534883838,,2024-11
c6527e46-c5f0-4057-9624-58aed61f8ebf,EURUSD,short,0.8,1.0625799999999999,1.06359,2024-11-13T08:17:00,2024-11-13 08:30:00,-80.8000000000142,0.0,-83.8000000000142,3.0,0.0,1.06354,1.0599,loss,sl,ORB,0,13.0,-105208.33333334392,,2024-11
da679e7c-bf38-4646-8368-c7eb16964947,EURUSD,short,0.9,1.0565,1.0542300000000007,2024-11-13T14:59:00,2024-11-14 00:12:00,204.29999999993953,0.0,201.29999999993953,3.0,0.0,1.05734,1.0541800000000006,win,tp,ORB,0,553.0,270238.0952380307,,2024-11
e04d478b-9f40-4070-b470-4d40f5a93e86,EURUSD,short,0.8,1.05487,1.0524500000000003,2024-11-14T14:40:00,2024-11-14 15:05:00,193.5999999999716,0.0,190.5999999999716,3.0,0.0,1.05576,1.0524000000000002,win,tp,ORB,0,25.0,271910.11235949316,,2024-11
6ab1e20c-53a8-49f9-93a3-751ad2cb7148,EURUSD,short,0.9,1.0590099999999998,1.05993,2024-11-18T14:54:00,2024-11-18 16:36:00,-82.80000000002286,0.0,-85.80000000002286,3.0,0.0,1.05988,1.0565999999999998,loss,sl,ORB,0,102.0,-105747.12643679277,,2024-11
c152ff35-1c45-4900-b82d-6f5d3dc2176a,EURUSD,short,0.9,1.04907,1.05002,2024-12-02T14:45:00,2024-12-02 15:15:00,-85.50000000000058,0.0,-88.50000000000058,3.0,0.0,1.0499699999999998,1.0465700000000007,loss,sl,ORB,0,30.0,-105555.55555556789,,2024-12
9e74f241-709b-4cc5-b736-913c08294490,EURUSD,long,0.7000000000000001,1.04929,1.04823,2024-12-04T08:14:00,2024-12-04 08:42:00,-74.20000000000427,0.0,-77.20000000000427,3.0,0.0,1.04828,1.0521199999999995,loss,sl,ORB,0,28.0,-104950.49504951561,,2024-12
701a34ce-dd08-4828-b875-63b5e243c6dd,EURUSD,long,0.9,1.0584600000000002,1.05758,2024-12-05T14:46:00,2024-12-05 20:01:00,-79.20000000001926,0.0,-82.20000000001926,3.0,0.0,1.05763,1.06075,loss,sl,ORB,0,315.0,-106024.09638555409,,2024-12
3249b929-4416-4c31-a9a3-cc7464bd28e0,EURUSD,long,0.9,1.05074,1.0529799999999991,2024-12-11T08:11:00,2024-12-11 08:30:00,201.59999999992183,0.0,198.59999999992183,3.0,0.0,1.0499100000000001,1.0530299999999992,win,tp,ORB,0,19.0,269879.5180722214,,2024-12
849afadb-2cf1-4263-b393-accf064fdade,EURUSD,long,0.9,1.04762,1.04668,2024-12-12T14:52:00,2024-12-12 15:37:00,-84.59999999999468,0.0,-87.59999999999468,3.0,0.0,1.0467300000000002,1.050089999999999,loss,sl,ORB,0,45.0,-105617.97752810278,,2024-12
c74c522e-6f5c-4bbb-92a2-58a813f49a07,EURUSD,long,0.9,1.0501900000000002,1.0493299999999999,2024-12-16T08:29:00,2024-12-16 09:20:00,-77.40000000002745,0.0,-80.40000000002745,3.0,0.0,1.04938,1.0524200000000004,loss,sl,ORB,0,51.0,-106172.83950618435,,2024-12
1f406678-9fd8-4147-8f92-c82d6e7db795,EURUSD,short,0.4,1.0381399999999998,1.0399100000000001,2024-12-18T14:47:00,2024-12-19 02:10:00,-70.80000000001085,0.0,-73.80000000001085,3.0,0.0,1.03986,1.0331799999999998,loss,sl,ORB,0,683.0,-102906.9767441919,,2024-12
a0c218c1-c94b-424d-adbe-bc1012661e9b,EURUSD,long,0.9,1.0400800000000001,1.03922,2024-12-19T08:15:00,2024-12-19 10:02:00,-77.40000000000747,0.0,-80.40000000000747,3.0,0.0,1.0392700000000001,1.0423099999999996,loss,sl,ORB,0,107.0,-106172.83950618605,,2024-12
3da696d0-7106-4cb5-87cb-ec3f24d401e2,EURUSD,long,0.8,1.0399100000000001,1.03899,2024-12-24T08:19:00,2024-12-24 11:11:00,-73.60000000000255,0.0,-76.60000000000255,3.0,0.0,1.0390400000000002,1.0423199999999995,loss,sl,ORB,0,172.0,-105747.12643679422,,2024-12
246fe561-154e-4df6-a932-1a2c0c6ab1d6,EURUSD,short,0.8,1.0292299999999999,1.0302,2025-01-03T08:22:00,2025-01-03 09:58:00,-77.600000000011,0.0,-80.600000000011,3.0,0.0,1.03015,1.0266700000000002,loss,sl,ORB,0,96.0,-105434.78260870693,,2025-01
49f5fcee-910e-4ddb-94ff-9de79655ee1d,EURUSD,short,0.8,1.0357299999999998,1.03319,2025-01-07T14:47:00,2025-01-08 02:57:00,203.19999999998117,0.0,200.19999999998117,3.0,0.0,1.03666,1.03314,win,tp,ORB,0,730.0,273118.27956983855,,2025-01
f8a2e275-01ba-474f-ae51-f76259595590,EURUSD,short,0.9,1.0300799999999999,1.03094,2025-01-09T14:54:00,2025-01-10 03:40:00,-77.40000000000747,0.0,-80.40000000000747,3.0,0.0,1.0308899999999999,1.0278500000000004,loss,sl,ORB,0,766.0,-106172.83950618605,,2025-01
8ecfbb4e-a7a7-43f3-afab-04088edd96e4,EURUSD,short,0.7000000000000001,1.0196399999999999,1.02067,2025-01-13T08:11:00,2025-01-13 08:21:00,-72.10000000000605,0.0,-75.10000000000605,3.0,0.0,1.0206199999999999,1.0169000000000004,loss,sl,ORB,0,10.0,-105102.0408163374,,2025-01
018abf75-24ed-4170-83f4-c1699e48dc07,EURUSD,long,0.7000000000000001,1.0302200000000001,1.0328499999999998,2025-01-15T08:22:00,2025-01-15 08:30:00,184.09999999997817,0.0,181.09999999997817,3.0,0.0,1.02926,1.0329,win,tp,ORB,0,8.0,273958.3333332803,,2025-01
46afa889-acd7-4d7f-a932-1030524f8966,EURUSD,short,0.8,1.0270899999999998,1.02804,2025-01-16T08:12:00,2025-01-16 08:30:00,-76.00000000001829,0.0,-79.00000000001829,3.0,0.0,1.02799,1.02459,loss,sl,ORB,0,18.0,-105555.55555556653,,2025-01
8f8d799f-547e-4ebb-b412-2de67e2dfd5b,EURUSD,short,0.8,1.04169,1.0391200000000007,2025-01-22T14:54:00,2025-01-23 02:11:00,205.59999999994363,0.0,202.59999999994363,3.0,0.0,1.04263,1.0390700000000006,win,tp,ORB,0,677.0,273404.25531909114,,2025-01
a0cfc077-2401-40af-a4aa-62ba9b3daa70,EURUSD,short,0.8,1.04209,1.04304,2025-01-23T14:50:00,2025-01-23 21:14:00,-76.00000000000051,0.0,-79.00000000000051,3.0,0.0,1.0429899999999999,1.0395900000000007,loss,sl,ORB,0,384.0,-105555.55555556787,,2025-01
a7161c1e-3b9b-4ed4-8dbc-f80333094dd5,EURUSD,short,0.8,1.04931,1.0468300000000006,2025-01-24T14:57:00,2025-01-26 18:48:00,198.39999999994973,0.0,195.39999999994973,3.0,0.0,1.05022,1.0467800000000005,win,tp,ORB,0,3111.0,272527.4725274135,,2025-01
f4849a0d-de61-4576-9a5a-2e25dbff30cf,EURUSD,long,0.8,1.04359,1.0426199999999999,2025-01-28T14:51:00,2025-01-28 17:03:00,-77.600000000011,0.0,-80.600000000011,3.0,0.0,1.04267,1.0461499999999997,loss,sl,ORB,0,132.0,-105434.78260870693,,2025-01
77c15ccd-21ac-418a-b342-46e9b166f194,EURUSD,short,0.4,1.0412599999999999,1.04305,2025-01-29T14:42:00,2025-01-30 08:53:00,-71.60000000000721,0.0,-74.60000000000721,3.0,0.0,1.043,1.03624,loss,sl,ORB,0,1091.0,-102873.56321839674,,2025-01
758dbf4c-fa8e-4236-b3f6-b66e45bc5a47,EURUSD,short,0.8,1.0286099999999998,1.02957,2025-02-03T14:41:00,2025-02-03 15:20:00,-76.80000000002352,0.0,-79.80000000002352,3.0,0.0,1.02952,1.0260799999999997,loss,sl,ORB,0,39.0,-105494.50549451594,,2025-02
7fab7654-bf43-45ba-9d82-16e08242c0d7,EURUSD,short,0.9,1.0406099999999998,1.03828,2025-02-05T14:49:00,2025-02-06 02:47:00,209.69999999997492,0.0,206.69999999997492,3.0,0.0,1.04147,1.03823,win,tp,ORB,0,718.0,270930.232558081,,2025-02
479e001a-93c2-4f7d-88c5-a3fdf5212c84,EURUSD,long,0.8,1.0376800000000002,1.03665,2025-02-07T08:25:00,2025-02-07 08:30:00,-82.40000000000691,0.0,-85.40000000000691,3.0,0.0,1.0367000000000002,1.0404199999999997,loss,sl,ORB,0,5.0,-105102.04081633738,,2025-02
386af86c-ba00-4b35-a14c-7bb3bd7608e8,EURUSD,short,0.8,1.03182,1.0327600000000001,2025-02-11T08:24:00,2025-02-11 09:06:00,-75.20000000001303,0.0,-78.20000000001303,3.0,0.0,1.03271,1.0293500000000002,loss,sl,ORB,0,42.0,-105617.97752810139,,2025-02
11b3db92-27d4-4066-82e2-25390f151b9b,EURUSD,short,0.9,1.0447899999999999,1.0457100000000001,2025-02-18T08:15:00,2025-02-18 10:03:00,-82.80000000002286,0.0,-85.80000000002286,3.0,0.0,1.04566,1.0423799999999999,loss,sl,ORB,0,108.0,-105747.12643679277,,2025-02
740353ec-0d0d-4090-9949-1e6f333da6d9,EURUSD,long,0.9,1.04496,1.04408,2025-02-18T14:44:00,2025-02-18 15:01:00,-79.20000000001926,0.0,-82.20000000001926,3.0,0.0,1.04413,1.04725,loss,sl,ORB,0,17.0,-106024.09638555409,,2025-02
6174577f-19e2-4d47-a77a-a1fab03ae926,EURUSD,long,0.8,1.0466000000000002,1.0489600000000001,2025-02-21T08:14:00,2025-02-21 09:45:00,188.79999999999342,0.0,185.79999999999342,3.0,0.0,1.04573,1.0490100000000002,win,tp,ORB,0,91.0,271264.36781603616,,2025-02
c1fe1401-738d-47fe-9422-cd91fc7a2b83,EURUSD,short,0.8,1.04613,1.04714,2025-02-21T14:47:00,2025-02-23 17:44:00,-80.79999999999643,0.0,-83.79999999999643,3.0,0.0,1.0470899999999999,1.0434500000000009,loss,sl,ORB,0,3057.0,-105208.33333334514,,2025-02
982a6a66-7a7f-406b-b693-231fa1d75272,EURUSD,long,0.8,1.0510300000000001,1.0501099999999999,2025-02-25T14:52:00,2025-02-25 22:25:00,-73.60000000002032,0.0,-76.60000000002032,3.0,0.0,1.05016,1.0534400000000002,loss,sl,ORB,0,453.0,-105747.12643679275,,2025-02
cc340319-2690-411a-be46-f0b02eb93b14,EURUSD,long,0.8,1.0703,1.0727799999999994,2025-03-05T08:22:00,2025-03-05 09:05:00,198.39999999994973,0.0,195.39999999994973,3.0,0.0,1.06939,1.0728299999999995,win,tp,ORB,0,43.0,272527.4725274135,,2025-03
2ce98af0-4cf3-413d-8aee-b4b64422d14a,EURUSD,long,0.8,1.0789600000000001,1.0815,2025-03-05T14:51:00,2025-03-05 20:43:00,203.19999999998117,0.0,200.19999999998117,3.0,0.0,1.07803,1.08155,win,tp,ORB,0,352.0,273118.27956983855,,2025-03
38b3260c-039c-45c9-ae23-769d361516e5,EURUSD,long,0.6000000000000001,1.0849900000000001,1.08367,2025-03-10T08:10:00,2025-03-10 08:47:00,-79.2000000000126,0.0,-82.2000000000126,3.0,0.0,1.08372,1.0886,loss,sl,ORB,0,37.0,-103937.00787402372,,2025-03
f1194eea-f391-444c-9b19-f5c9b327f537,EURUSD,short,0.6000000000000001,1.0913,1.09261,2025-03-11T08:18:00,2025-03-11 08:36:00,-78.60000000000868,0.0,-81.60000000000868,3.0,0.0,1.09256,1.0877200000000002,loss,sl,ORB,0,18.0,-103968.25396826222,,2025-03
aed6d966-ab60-42e1-a0e3-1137ae6186f1,EURUSD,short,0.7000000000000001,1.08977,1.0869000000000006,2025-03-19T08:12:00,2025-03-19 12:25:00,200.89999999994836,0.0,197.89999999994836,3.0,0.0,1.0908099999999998,1.0868500000000005,win,tp,ORB,0,253.0,275961.5384614861,,2025-03
e23fb382-781f-49d5-b25c-2ac4cddb79d0,EURUSD,long,0.9,1.0799,1.07899,2025-03-25T14:46:00,2025-03-25 15:07:00,-81.90000000001696,0.0,-84.90000000001696,3.0,0.0,1.07904,1.08228,loss,sl,ORB,0,21.0,-105813.9534883838,,2025-03
647f88fd-50d5-4f9b-98f1-20d49c17f21a,EURUSD,short,0.8,1.07812,1.07918,2025-03-27T08:16:00,2025-03-27 08:41:00,-84.80000000000487,0.0,-87.80000000000487,3.0,0.0,1.07913,1.0752900000000005,loss,sl,ORB,0,25.0,-104950.49504951561,,2025-03
528e1fa9-80f7-42f6-bb73-4d32d42af28a,EURUSD,long,0.9,1.08566,1.08474,2025-04-02T14:45:00,2025-04-02 15:50:00,-82.80000000000287,0.0,-85.80000000000287,3.0,0.0,1.0847900000000001,1.0880699999999994,loss,sl,ORB,0,65.0,-105747.1264367942,,2025-04
01aa5e84-7de9-48a3-a11b-ab753d40e2cb,EURUSD,long,0.7000000000000001,1.1037400000000002,1.10264,2025-04-03T14:54:00,2025-04-03 15:26:00,-77.00000000000708,0.0,-80.00000000000708,3.0,0.0,1.1026900000000002,1.1066899999999997,loss,sl,ORB,0,32.0,-104761.90476191485,,2025-04
eae2a529-94da-4f9c-8c9a-c529691dcca4,EURUSD,long,0.5,1.1082400000000001,1.10676,2025-04-04T08:26:00,2025-04-04 08:30:00,-74.00000000000739,0.0,-77.00000000000739,3.0,0.0,1.10681,1.1123299999999998,loss,sl,ORB,0,4.0,-103496.50349651076,,2025-04
7c056a5e-1223-4a45-acc6-86f5732e233d,EURUSD,short,0.6000000000000001,1.0952,1.09654,2025-04-04T14:51:00,2025-04-04 16:55:00,-80.40000000000714,0.0,-83.40000000000714,3.0,0.0,1.09649,1.0915300000000003,loss,sl,ORB,0,124.0,-103875.9689922562,,2025-04
ab29697a-d94c-418c-892a-4ed104437da9,EURUSD,long,0.5,1.09654,1.09518,2025-04-09T14:38:00,2025-04-09 14:53:00,-68.00000000000139,0.0,-71.00000000000139,3.0,0.0,1.0952300000000001,1.1002699999999994,loss,sl,ORB,0,15.0,-103816.79389313805,,2025-04
895451ab-8c33-481d-8217-cb3c2862b6cd,EURUSD,long,0.5,1.11047,1.1146299999999998,2025-04-10T08:28:00,2025-04-10 10:38:00,207.99999999998596,0.0,204.99999999998596,3.0,0.0,1.109,1.11468,win,tp,ORB,0,130.0,282993.1972788766,,2025-04
5fc2008c-6aec-4605-acd3-ef2164348cf3,EURUSD,short,0.6000000000000001,1.1231499999999999,1.1195000000000002,2025-04-10T14:47:00,2025-04-10 15:07:00,218.99999999998258,0.0,215.99999999998258,3.0,0.0,1.12445,1.11945,win,tp,ORB,0,20.0,280769.23076919134,,2025-04
84ec23de-3b35-408e-92be-b77f57f4e827,EURUSD,short,0.6000000000000001,1.1309099999999999,1.1322,2025-04-11T14:58:00,2025-04-11 15:08:00,-77.40000000001413,0.0,-80.40000000001413,3.0,0.0,1.13215,1.12739,loss,sl,ORB,0,10.0,-104032.25806452421,,2025-04
1bf10684-56c6-447e-9801-252d7ff34cf2,EURUSD,short,0.7000000000000001,1.1345399999999999,1.13568,2025-04-14T14:49:00,2025-04-14 14:58:00,-79.80000000000987,0.0,-82.80000000000987,3.0,0.0,1.13563,1.1314700000000002,loss,sl,ORB,0,9.0,-104587.15596331228,,2025-04
df83f3d6-cf06-41f8-b8bc-054b06f9bdd9,EURUSD,long,0.8,1.1362100000000002,1.1387199999999997,2025-04-17T14:40:00,2025-04-18 10:49:00,200.79999999996545,0.0,197.79999999996545,3.0,0.0,1.1352900000000001,1.1387699999999998,win,tp,ORB,0,1209.0,272826.0869564653,,2025-04
35af32e0-f50e-4a1f-8ca2-4d70a003f30e,EURUSD,long,0.8,1.1520700000000001,1.1511,2025-04-21T14:54:00,2025-04-21 16:05:00,-77.600000000011,0.0,-80.600000000011,3.0,0.0,1.1511500000000001,1.1546299999999998,loss,sl,ORB,0,71.0,-105434.78260870693,,2025-04
92650913-1044-4533-8f69-f3d9baef07c8,EURUSD,short,0.7000000000000001,1.14271,1.1396600000000001,2025-04-22T14:47:00,2025-04-22 17:32:00,213.49999999998425,0.0,210.49999999998425,3.0,0.0,1.14381,1.13961,win,tp,ORB,0,165.0,277272.72727268137,,2025-04
78072d23-d7d8-496b-acc1-af0511b42e31,EURUSD,short,0.8,1.1409099999999999,1.13837,2025-04-23T08:14:00,2025-04-23 09:37:00,203.19999999998117,0.0,200.19999999998117,3.0,0.0,1.14184,1.13832,win,tp,ORB,0,83.0,273118.27956983855,,2025-04
6ceba90c-a3f2-4be4-b190-ba8358276809,EURUSD,short,0.7000000000000001,1.13723,1.1384400000000001,2025-04-29T08:09:00,2025-04-29 08:24:00,-84.70000000001089,0.0,-87.70000000001089,3.0,0.0,1.13839,1.1339500000000002,loss,sl,ORB,0,15.0,-104310.34482759512,,2025-04
1c93c7b4-8b95-4c31-bb4d-d3e1a7069689,EURUSD,short,0.7000000000000001,1.12927,1.13038,2025-05-02T14:50:00,2025-05-02 15:01:00,-77.69999999999611,0.0,-80.69999999999611,3.0,0.0,1.1303299999999998,1.126290000000001,loss,sl,ORB,0,11.0,-104716.98113208613,,2025-05
b807a378-3e44-4c31-9f99-bb85ffe0de8f,EURUSD,short,0.8,1.1255199999999999,1.12286,2025-05-09T14:44:00,2025-05-11 17:00:00,212.79999999999077,0.0,209.79999999999077,3.0,0.0,1.12649,1.1228099999999999,win,tp,ORB,0,3016.0,274226.8041236606,,2025-05
4e8009e7-8f3d-4ed1-b3ca-7792ce17aceb,EURUSD,long,0.9,1.1182,1.1172199999999999,2025-05-14T14:45:00,2025-05-14 15:02:00,-88.20000000001826,0.0,-91.20000000001826,3.0,0.0,1.11727,1.12079,loss,sl,ORB,0,17.0,-105376.34408603229,,2025-05
b0b812c1-3910-44cd-a99b-2f360fe1ab67,EURUSD,long,0.7000000000000001,1.1189300000000002,1.12198,2025-05-15T08:18:00,2025-05-15 09:07:00,213.49999999998425,0.0,210.49999999998425,3.0,0.0,1.11783,1.12203,win,tp,ORB,0,49.0,277272.72727268137,,2025-05
506589fe-bd57-4f2c-b5b7-1d1b28c9af8b,EURUSD,long,0.9,1.1197300000000001,1.11879,2025-05-16T08:25:00,2025-05-16 09:35:00,-84.60000000001466,0.0,-87.60000000001466,3.0,0.0,1.11884,1.1221999999999999,loss,sl,ORB,0,70.0,-105617.97752810137,,2025-05
e25415f9-61fa-45d5-826c-43125eac8e5e,EURUSD,long,0.8,1.1152000000000002,1.1179800000000002,2025-05-16T14:44:00,2025-05-18 17:21:00,222.40000000000038,0.0,219.40000000000038,3.0,0.0,1.11419,1.1180300000000003,win,tp,ORB,0,3037.0,275247.52475242736,,2025-05
2c457389-afe4-44c5-a979-f974193ca8b7,EURUSD,long,0.8,1.1327600000000002,1.1356600000000003,2025-05-21T08:22:00,2025-05-21 13:22:00,232.00000000000998,0.0,229.00000000000998,3.0,0.0,1.13171,1.1357100000000004,win,tp,ORB,0,300.0,276190.47619043087,,2025-05
fb441d6d-01e3-4038-91bc-24f12b1d8b92,EURUSD,short,0.6000000000000001,1.13102,1.13258,2025-05-23T08:08:00,2025-05-23 08:19:00,-93.60000000000035,0.0,-96.60000000000035,3.0,0.0,1.1325299999999998,1.1266900000000006,loss,sl,ORB,0,11.0,-103311.25827815289,,2025-05
4fcf0bf6-5b0d-470e-b311-252bd997167c,EURUSD,long,0.8,1.1436300000000001,1.14259,2025-06-02T14:47:00,2025-06-02 22:00:00,-83.20000000001215,0.0,-86.20000000001215,3.0,0.0,1.14264,1.1463999999999999,loss,sl,ORB,0,433.0,-105050.50505051546,,2025-06
9ca96593-3de9-4f64-bee6-c173808480ce,EURUSD,long,0.7000000000000001,1.1569200000000002,1.15567,2025-06-17T08:09:00,2025-06-17 08:49:00,-87.50000000001369,0.0,-90.50000000001369,3.0,0.0,1.15572,1.16032,loss,sl,ORB,0,40.0,-104166.66666667514,,2025-06
76c27b5e-5168-4979-9053-7ef36021d917,EURUSD,long,0.8,1.14725,1.14623,2025-06-23T08:13:00,2025-06-23 08:28:00,-81.60000000000167,0.0,-84.60000000000167,3.0,0.0,1.1462800000000002,1.1499599999999994,loss,sl,ORB,0,15.0,-105154.63917526905,,2025-06
d79571ef-e704-4e00-baf2-f6ad8a4a48f8,EURUSD,long,0.8,1.15727,1.1600199999999992,2025-06-23T14:42:00,2025-06-23 18:27:00,219.9999999999314,0.0,216.9999999999314,3.0,0.0,1.1562700000000001,1.1600699999999993,win,tp,ORB,0,225.0,274999.9999999445,,2025-06
9364e3e2-9ea2-4b21-a3d6-9694e941fa36,EURUSD,long,1.0,1.16016,1.15924,2025-06-25T08:22:00,2025-06-25 08:31:00,-92.00000000000318,0.0,-95.00000000000318,3.0,0.0,1.1592900000000002,1.1625699999999994,loss,sl,ORB,0,9.0,-105747.12643679422,,2025-06
7e2bbbbb-7608-4aa2-a9f6-3117a2582a2a,EURUSD,long,0.9,1.1655600000000002,1.1680399999999995,2025-06-25T14:41:00,2025-06-25 19:51:00,223.19999999994346,0.0,220.19999999994346,3.0,0.0,1.1646500000000002,1.1680899999999996,win,tp,ORB,0,310.0,272527.4725274135,,2025-06
4468dde2-ffd5-4ae2-ae76-87642fbb8c65,EURUSD,long,1.0,1.1722100000000002,1.17132,2025-06-26T14:41:00,2025-06-26 15:06:00,-89.00000000002794,0.0,-92.00000000002794,3.0,0.0,1.17137,1.1745300000000003,loss,sl,ORB,0,25.0,-105952.38095239227,,2025-06
1e5cdde1-f0e5-493a-9cd9-ba6b992d84ef,EURUSD,short,0.9,1.1775399999999998,1.17849,2025-06-30T14:40:00,2025-06-30 16:24:00,-85.50000000002056,0.0,-88.50000000002056,3.0,0.0,1.17844,1.1750399999999999,loss,sl,ORB,0,104.0,-105555.55555556652,,2025-06
3aed54a2-e03e-4e40-ac8a-f3a8f8e45114,EURUSD,short,1.0,1.17749,1.17838,2025-07-01T14:45:00,2025-07-01 15:05:00,-89.00000000000574,0.0,-92.00000000000574,3.0,0.0,1.1783299999999999,1.1751700000000005,loss,sl,ORB,0,20.0,-105952.38095239385,,2025-07
10a4eb23-67cd-48f4-8990-28d4b9647526,EURUSD,long,0.9,1.17249,1.17157,2025-07-08T14:48:00,2025-07-08 17:04:00,-82.80000000000287,0.0,-85.80000000000287,3.0,0.0,1.17162,1.1748999999999994,loss,sl,ORB,0,136.0,-105747.1264367942,,2025-07
7cccac85-9a3c-47a6-8983-4fff2fae2dd2,EURUSD,short,0.9,1.1599599999999999,1.16093,2025-07-16T08:13:00,2025-07-16 08:30:00,-87.30000000001237,0.0,-90.30000000001237,3.0,0.0,1.16088,1.1574000000000002,loss,sl,ORB,0,17.0,-105434.78260870694,,2025-07
df1c012a-ba16-45e3-aee2-17a7c0366c93,EURUSD,long,0.8,1.15809,1.15706,2025-07-17T08:10:00,2025-07-17 08:30:00,-82.40000000000691,0.0,-85.40000000000691,3.0,0.0,1.15711,1.1608299999999996,loss,sl,ORB,0,20.0,-105102.04081633738,,2025-07
8bb568b5-2253-4935-bb81-236f771a3c1b,EURUSD,long,0.9,1.17483,1.1739,2025-07-22T14:45:00,2025-07-22 19:35:00,-83.70000000000877,0.0,-86.70000000000877,3.0,0.0,1.17395,1.1772699999999996,loss,sl,ORB,0,290.0,-105681.81818183023,,2025-07
6df73942-f027-4dc2-aa7a-9302348c84e7,EURUSD,short,0.9,1.17647,1.17423,2025-07-24T14:58:00,2025-07-24 17:02:00,201.5999999999818,0.0,198.5999999999818,3.0,0.0,1.1773,1.17418,win,tp,ORB,0,124.0,269879.5180722295,,2025-07
6c1ecb42-aba7-45a4-8e64-dc4d535420ad,EURUSD,long,0.9,1.14324,1.1422999999999999,2025-07-31T14:38:00,2025-07-31 14:55:00,-84.60000000001466,0.0,-87.60000000001466,3.0,0.0,1.14235,1.1457099999999998,loss,sl,ORB,0,17.0,-105617.97752810137,,2025-07
48df89ff-553d-4810-ab5a-18d212d5fbd5,EURUSD,short,0.9,1.15681,1.15775,2025-08-04T14:51:00,2025-08-04 18:11:00,-84.60000000001466,0.0,-87.60000000001466,3.0,0.0,1.1577,1.1543400000000001,loss,sl,ORB,0,200.0,-105617.97752810137,,2025-08
1bc57828-d982-4f79-9556-c817decb5cf5,EURUSD,short,0.9,1.1571399999999998,1.15806,2025-08-05T14:52:00,2025-08-05 19:47:00,-82.80000000002286,0.0,-85.80000000002286,3.0,0.0,1.15801,1.1547299999999998,loss,sl,ORB,0,295.0,-105747.12643679277,,2025-08
d9d970ed-94d8-4935-9f88-31a1ce0d01e6,EURUSD,short,0.9,1.16234,1.1599200000000003,2025-08-11T08:08:00,2025-08-11 10:31:00,217.79999999996804,0.0,214.79999999996804,3.0,0.0,1.16323,1.1598700000000002,win,tp,ORB,0,143.0,271910.1123594931,,2025-08
d0d62e0d-4a8e-4e07-8029-7fd2a4bcafd2,EURUSD,short,0.7000000000000001,1.1658099999999998,1.16695,2025-08-18T14:48:00,2025-08-18 15:28:00,-79.80000000000987,0.0,-82.80000000000987,3.0,0.0,1.1668999999999998,1.16274,loss,sl,ORB,0,40.0,-104587.15596331228,,2025-08
ca4bfb99-d381-4f98-b103-573adb7e802e,EURUSD,short,0.8,1.16813,1.1655000000000002,2025-08-19T08:28:00,2025-08-19 12:32:00,210.39999999997505,0.0,207.39999999997505,3.0,0.0,1.16909,1.16545,win,tp,ORB,0,244.0,273958.3333332803,,2025-08
c72c00af-e417-488e-840b-ec1a94818d78,EURUSD,short,0.9,1.1644599999999998,1.1654200000000001,2025-08-19T14:41:00,2025-08-20 06:16:00,-86.40000000002645,0.0,-89.40000000002645,3.0,0.0,1.16537,1.1619299999999997,loss,sl,ORB,0,935.0,-105494.50549451594,,2025-08
83111f14-b50e-4599-9b71-b9bb1f19e608,EURUSD,long,0.9,1.1650200000000002,1.1641,2025-08-20T08:12:00,2025-08-20 20:47:00,-82.80000000002286,0.0,-85.80000000002286,3.0,0.0,1.16415,1.1674300000000002,loss,sl,ORB,0,755.0,-105747.12643679277,,2025-08
4509e1c8-d56f-4c38-96cd-cef76430700d,EURUSD,short,0.9,1.1608999999999998,1.1585100000000004,2025-08-21T14:52:00,2025-08-22 00:28:00,215.09999999995034,0.0,212.09999999995034,3.0,0.0,1.1617799999999998,1.1584600000000003,win,tp,ORB,0,576.0,271590.9090908489,,2025-08
829847eb-37a5-4e22-8d88-7ea282ec6c30,EURUSD,short,0.9,1.1629999999999998,1.16398,2025-08-27T14:58:00,2025-08-27 18:06:00,-88.20000000001826,0.0,-91.20000000001826,3.0,0.0,1.16393,1.16041,loss,sl,ORB,0,188.0,-105376.34408603229,,2025-08
245cac61-9902-4c3c-9101-80b8124e77a8,EURUSD,long,0.9,1.1739700000000002,1.1730399999999999,2025-09-09T08:24:00,2025-09-09 08:32:00,-83.70000000002875,0.0,-86.70000000002875,3.0,0.0,1.17309,1.1764100000000004,loss,sl,ORB,0,8.0,-105681.81818182878,,2025-09
419bfe9a-c578-4c60-86ca-f5274054d82b,EURUSD,short,0.9,1.1703599999999998,1.16782,2025-09-10T14:47:00,2025-09-11 05:45:00,228.59999999997882,0.0,225.59999999997882,3.0,0.0,1.17129,1.16777,win,tp,ORB,0,898.0,273118.27956983855,,2025-09
b53fea8d-ed8f-42dd-a555-0bd4aba081e6,EURUSD,long,0.9,1.1741700000000002,1.17325,2025-09-12T14:58:00,2025-09-12 16:06:00,-82.80000000002286,0.0,-85.80000000002286,3.0,0.0,1.1733,1.1765800000000002,loss,sl,ORB,0,68.0,-105747.12643679277,,2025-09
a527be7c-ab4e-44dc-8e10-ab7f05b1ec4a,EURUSD,long,1.0,1.17704,1.17617,2025-09-15T08:22:00,2025-09-15 09:13:00,-87.00000000001484,0.0,-90.00000000001484,3.0,0.0,1.17622,1.1792999999999998,loss,sl,ORB,0,51.0,-106097.5609756223,,2025-09
5da58f5c-a6bb-4e2c-9b03-b33501d3c8bf,EURUSD,long,0.9,1.1733,1.17237,2025-09-29T14:57:00,2025-09-29 16:09:00,-83.70000000000877,0.0,-86.70000000000877,3.0,0.0,1.17242,1.1757399999999996,loss,sl,ORB,0,72.0,-105681.81818183023,,2025-09
9e6152b6-da16-4b18-9230-bfc18d82970b,EURUSD,long,1.0,1.1720400000000002,1.17428,2025-10-02T14:41:00,2025-10-03 04:55:00,223.99999999997976,0.0,220.99999999997976,3.0,0.0,1.17121,1.17433,win,tp,ORB,0,854.0,269879.5180722295,,2025-10
ce0f32ee-a641-43e2-bcef-207cb15a3893,EURUSD,short,1.0,1.15712,1.15801,2025-10-13T14:48:00,2025-10-13 23:44:00,-89.00000000000574,0.0,-92.00000000000574,3.0,0.0,1.1579599999999999,1.1548000000000005,loss,sl,ORB,0,536.0,-105952.38095239385,,2025-10
b47a2428-6c5d-4eb7-8045-f09a4be7f4e9,EURUSD,long,0.9,1.16263,1.16169,2025-10-15T08:29:00,2025-10-15 08:51:00,-84.60000000001466,0.0,-87.60000000001466,3.0,0.0,1.16174,1.1650999999999998,loss,sl,ORB,0,22.0,-105617.97752810137,,2025-10
69f1017b-4635-4a8a-a977-c01922839172,EURUSD,long,1.0,1.16879,1.1709699999999994,2025-10-16T14:45:00,2025-10-16 20:53:00,217.99999999994046,0.0,214.99999999994046,3.0,0.0,1.16798,1.1710199999999995,win,tp,ORB,0,368.0,269135.8024690698,,2025-10
10be882f-9596-45d5-94db-e74dd635d849,EURUSD,short,0.8,1.16759,1.1646000000000005,2025-10-17T08:15:00,2025-10-20 07:40:00,239.1999999999506,0.0,236.1999999999506,3.0,0.0,1.1686699999999999,1.1645500000000004,win,tp,ORB,0,4285.0,276851.8518518024,,2025-10
42146b06-80d2-41bb-a4e0-97c40cd3ccf1,EURUSD,long,1.0,1.1606400000000001,1.15977,2025-10-21T14:46:00,2025-10-21 17:01:00,-87.00000000001484,0.0,-90.00000000001484,3.0,0.0,1.15982,1.1628999999999998,loss,sl,ORB,0,135.0,-106097.5609756223,,2025-10
246c20a7-8b67-4653-8be7-595351643bcc,EURUSD,long,1.0,1.16171,1.16083,2025-10-23T14:50:00,2025-10-23 21:59:00,-87.99999999999919,0.0,-90.99999999999919,3.0,0.0,1.1608800000000001,1.1639999999999993,loss,sl,ORB,0,429.0,-106024.0963855557,,2025-10
ee570823-6c38-4158-be98-c24c4d1210b7,EURUSD,short,0.9,1.16394,1.16486,2025-10-27T08:13:00,2025-10-27 13:53:00,-82.80000000000287,0.0,-85.80000000000287,3.0,0.0,1.16481,1.1615300000000006,loss,sl,ORB,0,340.0,-105747.1264367942,,2025-10
5b1bcb8b-59c5-4844-ba45-20979b22fbb7,EURUSD,long,0.8,1.1596000000000002,1.16235,2025-10-29T14:50:00,2025-10-29 23:15:00,219.99999999998465,0.0,216.99999999998465,3.0,0.0,1.1586,1.1624,win,tp,ORB,0,505.0,274999.99999995,,2025-10
14607f63-cd15-4efb-b819-163f435e4376,EURUSD,short,0.9,1.1553,1.1529100000000005,2025-10-31T08:15:00,2025-10-31 09:20:00,215.09999999995034,0.0,212.09999999995034,3.0,0.0,1.15618,1.1528600000000004,win,tp,ORB,0,65.0,271590.9090908489,,2025-10
1758b324-2b87-4a54-88a7-bf7fc3a8c78a,EURUSD,short,1.0,1.15296,1.15388,2025-10-31T14:44:00,2025-10-31 15:56:00,-92.00000000000318,0.0,-95.00000000000318,3.0,0.0,1.15383,1.1505500000000006,loss,sl,ORB,0,72.0,-105747.12643679422,,2025-10
32bcfc47-5cfa-4d24-a387-196d20a91675,EURUSD,long,0.9,1.14931,1.14834,2025-11-04T08:10:00,2025-11-04 09:12:00,-87.30000000001237,0.0,-90.30000000001237,3.0,0.0,1.14839,1.1518699999999997,loss,sl,ORB,0,62.0,-105434.78260870694,,2025-11
13931a9d-d54c-4a42-8209-b9467f36fec6,EURUSD,short,1.0,1.1560899999999998,1.15695,2025-11-10T14:42:00,2025-11-11 05:18:00,-86.0000000000083,0.0,-89.0000000000083,3.0,0.0,1.1568999999999998,1.1538600000000003,loss,sl,ORB,0,876.0,-106172.83950618605,,2025-11
3031fd0a-7052-4c82-8616-130785ee76d4,EURUSD,long,0.8,1.15806,1.1569099999999999,2025-11-11T08:19:00,2025-11-12 04:53:00,-92.00000000001651,0.0,-95.00000000001651,3.0,0.0,1.15696,1.16116,loss,sl,ORB,0,1234.0,-104545.45454546371,,2025-11
24a206a0-db7e-46dd-a8ce-ed80c136be5e,EURUSD,short,0.9,1.15834,1.1593,2025-11-17T14:59:00,2025-11-17 18:05:00,-86.40000000000647,0.0,-89.40000000000647,3.0,0.0,1.15925,1.1558100000000004,loss,sl,ORB,0,186.0,-105494.50549451729,,2025-11
eb9370b6-1c41-4f17-ac92-75b75aceee52,EURUSD,long,0.9,1.15168,1.15075,2025-11-21T14:54:00,2025-11-23 18:25:00,-83.70000000000877,0.0,-86.70000000000877,3.0,0.0,1.1508,1.1541199999999996,loss,sl,ORB,0,3091.0,-105681.81818183023,,2025-11
74704d77-09f8-4e1b-af46-24192024443e,EURUSD,long,0.9,1.15541,1.15446,2025-11-25T08:23:00,2025-11-25 08:34:00,-85.50000000000058,0.0,-88.50000000000058,3.0,0.0,1.1545100000000001,1.1579099999999993,loss,sl,ORB,0,11.0,-105555.55555556789,,2025-11
b44d6807-4958-4c6a-bfdb-0d8f6bd68a55,EURUSD,long,0.9,1.15782,1.15688,2025-11-26T08:15:00,2025-11-26 08:35:00,-84.60000000001466,0.0,-87.60000000001466,3.0,0.0,1.15693,1.1602899999999998,loss,sl,ORB,0,20.0,-105617.97752810137,,2025-11
c68c1d10-3357-4240-8d48-643fef10ed62,EURUSD,short,0.9,1.1615499999999999,1.15919,2025-12-02T08:18:00,2025-12-02 11:58:00,212.3999999999926,0.0,209.3999999999926,3.0,0.0,1.16242,1.1591399999999998,win,tp,ORB,0,220.0,271264.3678160362,,2025-12
cdf4bffb-ee21-4b68-84be-fce92802d9bf,EURUSD,short,0.9,1.16147,1.1624,2025-12-02T14:45:00,2025-12-02 14:57:00,-83.70000000000877,0.0,-86.70000000000877,3.0,0.0,1.16235,1.1590300000000004,loss,sl,ORB,0,12.0,-105681.81818183023,,2025-12
4f7ffc74-df9d-421c-bc59-38d2725880a5,EURUSD,long,0.6000000000000001,1.1673900000000001,1.16603,2025-12-03T08:15:00,2025-12-03 09:17:00,-81.600000000015,0.0,-84.600000000015,3.0,0.0,1.16608,1.1711200000000002,loss,sl,ORB,0,62.0,-103816.7938931374,,2025-12
dfe1745c-ea77-41fe-954a-8a9f0ccb4097,EURUSD,short,0.9,1.16651,1.16743,2025-12-04T08:11:00,2025-12-04 09:18:00,-82.80000000000287,0.0,-85.80000000000287,3.0,0.0,1.1673799999999999,1.1641000000000006,loss,sl,ORB,0,67.0,-105747.1264367942,,2025-12
01111c89-6090-45a5-92c3-7a59ef6317b5,EURUSD,short,0.8,1.16438,1.16535,2025-12-05T08:19:00,2025-12-05 08:40:00,-77.600000000011,0.0,-80.600000000011,3.0,0.0,1.1653,1.1618200000000003,loss,sl,ORB,0,21.0,-105434.78260870693,,2025-12
0ca44e66-0bb8-4890-b37f-4bc57ceaf9bf,EURUSD,long,0.9,1.16398,1.16304,2025-12-08T14:58:00,2025-12-09 08:25:00,-84.59999999999468,0.0,-87.59999999999468,3.0,0.0,1.1630900000000002,1.166449999999999,loss,sl,ORB,0,1047.0,-105617.97752810278,,2025-12
daa27bee-1942-493a-b216-946f3f160ef9,EURUSD,short,0.5,1.16479,1.16635,2025-12-10T14:43:00,2025-12-10 14:52:00,-78.00000000000028,0.0,-81.00000000000028,3.0,0.0,1.1663,1.1604600000000007,loss,sl,ORB,0,9.0,-103311.25827815289,,2025-12
