trade_id,symbol,side,quantity,entry_price,exit_price,entry_time,exit_time,pnl,pnl_percent,net_pnl,commission,swap,stop_loss,take_profit,result,exit_reason,strategy_name,magic_number,duration_minutes,r_multiple,notes,rr_scenario,session
dee4cd9c-c1eb-4f4e-9752-69d36916e379,EURUSD,long,0.2,1.1312200000000001,1.13914,2022-01-04T10:25:00,2022-01-12T08:35:00,158.39999999999853,0.0,155.39999999999853,3.0,0.0,1.12716,1.1391900000000001,win,tp,ORB,0,11410.0,195073.89162560555,,2.0,London
684b273d-f7b0-4085-9493-14192331b811,EURUSD,long,0.2,1.1422100000000002,1.1371999999999998,2022-01-12T10:25:00,2022-01-18T08:05:00,-100.20000000000806,0.0,-103.20000000000806,3.0,0.0,1.1372499999999999,1.1519800000000004,loss,sl,ORB,0,8500.0,-101008.0645161311,,2.0,London
4b82ab7b-4ba3-4626-bb9e-99691a7d033f,EURUSD,short,0.4,1.1353,1.12994,2022-01-18T10:00:00,2022-01-24T07:50:00,214.40000000000128,0.0,211.40000000000128,3.0,0.0,1.1380800000000002,1.1298899999999998,win,tp,ORB,0,8510.0,192805.75539566888,,2.0,London
95caa82e-9f61-411c-89cc-34ee1bba3db4,EURUSD,long,0.5,1.13101,1.1289399999999998,2022-01-24T10:20:00,2022-01-25T04:40:00,-103.50000000001191,0.0,-106.50000000001191,3.0,0.0,1.12899,1.1349,loss,sl,ORB,0,1100.0,-102475.24752475753,,2.0,London
04ab729b-df35-4cc7-9a6f-35cac01d84bc,EURUSD,short,0.2,1.13001,1.1350700000000002,2022-02-14T12:05:00,2022-02-15T05:05:00,-101.20000000000573,0.0,-104.20000000000573,3.0,0.0,1.1350200000000001,1.12014,loss,sl,ORB,0,1020.0,-100998.00399201803,,2.0,London
bff1ce71-3186-4333-b28b-e53ff20860b0,EURUSD,long,0.2,1.1364400000000001,1.1319199999999998,2022-02-15T11:05:00,2022-02-18T11:05:00,-90.40000000000603,0.0,-93.40000000000603,3.0,0.0,1.13197,1.1452300000000002,loss,sl,ORB,0,4320.0,-101118.56823266449,,2.0,London
2e411ae4-f9eb-4fff-84b1-c84ebe962cf1,EURUSD,short,0.2,1.1311,1.1216400000000002,2022-02-23T11:10:00,2022-02-23T23:15:00,189.19999999999607,0.0,186.19999999999607,3.0,0.0,1.13593,1.12159,win,tp,ORB,0,725.0,195859.213250509,,2.0,London
3cc41135-70cc-4ab1-8633-4c4f41a9db6e,EURUSD,short,0.2,1.1062599999999998,1.0977399999999995,2022-03-03T10:25:00,2022-03-04T06:35:00,170.40000000000612,0.0,167.40000000000612,3.0,0.0,1.1106200000000002,1.0976899999999994,win,tp,ORB,0,1210.0,195412.84403668795,,2.0,London
9dce415c-4f6f-42dd-9196-a09cce87b60a,EURUSD,long,0.30000000000000004,1.1004500000000002,1.0964899999999997,2022-03-24T10:00:00,2022-03-27T21:20:00,-118.80000000001223,0.0,-121.80000000001223,3.0,0.0,1.0965399999999998,1.1081200000000004,loss,sl,ORB,0,5000.0,-101278.7723785192,,2.0,London
18dd991e-e7b5-41d2-8d76-2bba6d4239b4,EURUSD,short,0.2,1.10323,1.0946500000000001,2022-04-01T10:20:00,2022-04-05T10:15:00,171.5999999999962,0.0,168.5999999999962,3.0,0.0,1.10762,1.0946,win,tp,ORB,0,5755.0,195444.19134395404,,2.0,London
27ee5c11-0f1c-4459-bc87-af93e5aa312a,EURUSD,long,0.2,1.0853300000000001,1.0807799999999999,2022-04-13T11:00:00,2022-04-14T09:35:00,-91.00000000000551,0.0,-94.00000000000551,3.0,0.0,1.08083,1.0941800000000002,loss,sl,ORB,0,1355.0,-101111.11111111341,,2.0,London
e7c78ba6-12e0-47af-8eac-a5617a5747d7,EURUSD,short,0.30000000000000004,1.07792,1.0815500000000002,2022-04-18T12:05:00,2022-04-19T23:25:00,-108.90000000000735,0.0,-111.90000000000735,3.0,0.0,1.0815000000000001,1.07091,loss,sl,ORB,0,2120.0,-101396.64804469564,,2.0,London
de3aa6d4-1c50-459b-ae1d-0f771f29219c,EURUSD,short,0.2,1.05318,1.04384,2022-05-10T10:45:00,2022-05-12T05:00:00,186.7999999999981,0.0,183.7999999999981,3.0,0.0,1.0579500000000002,1.04379,win,tp,ORB,0,2535.0,195807.1278825909,,2.0,London
cba79ded-df0f-4e4e-8677-239973bba8ea,EURUSD,short,0.2,1.03938,1.0439100000000001,2022-05-16T10:45:00,2022-05-16T14:50:00,-90.6000000000029,0.0,-93.6000000000029,3.0,0.0,1.04386,1.0305700000000002,loss,sl,ORB,0,245.0,-101116.07142857376,,2.0,London
0b59dbf9-0f05-4c72-a2ce-c06b230d345a,EURUSD,short,0.2,1.0549899999999999,1.0600000000000003,2022-05-20T10:10:00,2022-05-23T01:45:00,-100.20000000000806,0.0,-103.20000000000806,3.0,0.0,1.0599500000000002,1.0452199999999996,loss,sl,ORB,0,3815.0,-101008.0645161311,,2.0,London
47562a2f-2dcc-42f0-959f-ea3485c46ca2,EURUSD,long,0.2,1.0781500000000002,1.0739099999999997,2022-05-30T10:55:00,2022-05-30T21:05:00,-84.8000000000093,0.0,-87.8000000000093,3.0,0.0,1.0739599999999998,1.0863800000000006,loss,sl,ORB,0,610.0,-101193.31742243677,,2.0,London
f1bd2a77-0586-46a3-af3c-bbebc95fa766,EURUSD,short,0.2,1.07036,1.0752800000000002,2022-06-06T10:20:00,2022-06-09T08:25:00,-98.40000000000515,0.0,-101.40000000000515,3.0,0.0,1.0752300000000001,1.06077,loss,sl,ORB,0,4205.0,-101026.69404517667,,2.0,London
a03f8b50-763b-453b-bdd7-02dbc41424b5,EURUSD,long,0.2,1.05607,1.0513099999999997,2022-06-24T10:00:00,2022-06-28T10:25:00,-95.2000000000064,0.0,-98.2000000000064,3.0,0.0,1.0513599999999999,1.0653400000000002,loss,sl,ORB,0,5785.0,-101061.57112526758,,2.0,London
8a25c502-f568-42cd-bfe2-a38287403cf6,EURUSD,short,0.2,1.04172,1.03272,2022-07-04T11:35:00,2022-07-05T04:35:00,179.99999999999795,0.0,176.99999999999795,3.0,0.0,1.0463200000000001,1.03267,win,tp,ORB,0,1020.0,195652.17391303446,,2.0,London
0b18662c-bf4a-46d5-9a7c-5f1140954001,EURUSD,short,0.2,1.0125899999999999,1.0173000000000003,2022-07-27T10:05:00,2022-07-27T14:40:00,-94.20000000000871,0.0,-97.20000000000871,3.0,0.0,1.0172500000000002,1.0034199999999995,loss,sl,ORB,0,275.0,-101072.96137339274,,2.0,London
0cd2b316-1a68-4e07-865a-ed86ab2a0b6f,EURUSD,long,0.2,1.02,1.0155499999999997,2022-08-04T10:05:00,2022-08-05T08:50:00,-89.00000000000574,0.0,-92.00000000000574,3.0,0.0,1.0155999999999998,1.02865,loss,sl,ORB,0,1365.0,-101136.36363636599,,2.0,London
22b5a70a-6eb8-4134-9ee5-414e2f057def,EURUSD,long,0.2,1.0182600000000002,1.02638,2022-08-05T10:10:00,2022-08-10T08:30:00,162.3999999999981,0.0,159.3999999999981,3.0,0.0,1.0141,1.0264300000000002,win,tp,ORB,0,7100.0,195192.3076922977,,2.0,London
078f3acf-0cc0-4718-a32c-2addecd7420d,EURUSD,long,0.2,1.0192700000000001,1.0144299999999997,2022-08-17T10:05:00,2022-08-18T09:30:00,-96.80000000000798,0.0,-99.80000000000798,3.0,0.0,1.0144799999999998,1.0287000000000004,loss,sl,ORB,0,1405.0,-101043.84133611903,,2.0,London
21474015-03b9-4cf2-aa7a-628bd96d4f8a,EURUSD,short,0.2,1.01166,1.0037800000000003,2022-08-18T10:05:00,2022-08-19T11:10:00,157.59999999999332,0.0,154.59999999999332,3.0,0.0,1.0157,1.0037300000000002,win,tp,ORB,0,1505.0,195049.50495048464,,2.0,London
3e0bc736-db49-4298-9601-9d01a8ac61d6,EURUSD,short,0.2,0.99105,0.99602,2022-08-24T10:05:00,2022-08-24T10:50:00,-99.4000000000006,0.0,-102.4000000000006,3.0,0.0,0.99597,0.9813599999999999,loss,sl,ORB,0,45.0,-101016.2601626015,,2.0,London
2d4858de-ebb3-43b6-9ba9-7845b7eb9c43,EURUSD,long,0.2,1.0009000000000001,0.99647,2022-09-19T10:45:00,2022-09-20T08:25:00,-88.60000000000312,0.0,-91.60000000000312,3.0,0.0,0.99652,1.0095100000000001,loss,sl,ORB,0,1300.0,-101141.55251141536,,2.0,London
21fed88b-cc06-4294-b5e7-ed3e3b2d1039,EURUSD,long,0.30000000000000004,0.99898,0.9954000000000001,2022-09-20T10:05:00,2022-09-21T01:55:00,-107.3999999999975,0.0,-110.3999999999975,3.0,0.0,0.9954500000000001,1.00589,loss,sl,ORB,0,950.0,-101416.43059490071,,2.0,London
40a313d8-d090-4c04-973a-aa830d3c3516,EURUSD,short,0.2,0.96841,0.97339,2022-10-12T10:20:00,2022-10-13T05:25:00,-99.59999999999968,0.0,-102.59999999999968,3.0,0.0,0.97334,0.9587,loss,sl,ORB,0,1145.0,-101014.19878296135,,2.0,London
f284b2d4-6ea9-41a0-9655-a30367149eb7,EURUSD,short,0.2,0.98703,0.9916,2022-11-02T10:00:00,2022-11-02T13:00:00,-91.40000000000147,0.0,-94.40000000000147,3.0,0.0,0.99155,0.9781399999999998,loss,sl,ORB,0,180.0,-101106.19469026533,,2.0,London
5ca0be2c-4e63-4dc8-93c3-9d26b497c4a0,EURUSD,long,0.2,1.00154,0.99705,2022-11-08T10:00:00,2022-11-10T04:45:00,-89.80000000000211,0.0,-92.80000000000211,3.0,0.0,0.9971,1.01027,loss,sl,ORB,0,2565.0,-101126.126126126,,2.0,London
04a5fb6b-352f-4655-a0cb-820f097f9e3c,EURUSD,short,0.2,1.0224099999999998,1.0274400000000001,2022-11-21T12:20:00,2022-11-22T03:25:00,-100.60000000000623,0.0,-103.60000000000623,3.0,0.0,1.02739,1.0125999999999997,loss,sl,ORB,0,905.0,-101004.01606425909,,2.0,London
df0a3006-7d50-4e20-ae44-37ff9eb5165a,EURUSD,long,0.2,1.0296100000000001,1.0379700000000003,2022-11-22T12:55:00,2022-11-23T10:45:00,167.2000000000029,0.0,164.2000000000029,3.0,0.0,1.0253299999999999,1.0380200000000004,win,tp,ORB,0,1310.0,195327.10280372872,,2.0,London
7c7cab89-0135-4d51-b104-0995fc12f8d3,EURUSD,short,0.2,1.05965,1.0646500000000003,2022-12-21T11:50:00,2022-12-22T00:00:00,-100.00000000000676,0.0,-103.00000000000676,3.0,0.0,1.0646000000000002,1.0498999999999998,loss,sl,ORB,0,730.0,-101010.10101010311,,2.0,London
2a3871e7-135f-409d-8e8b-ec2d39326d44,EURUSD,short,0.2,1.06263,1.0675200000000002,2022-12-28T11:40:00,2022-12-29T12:50:00,-97.80000000000565,0.0,-100.80000000000565,3.0,0.0,1.0674700000000001,1.0531,loss,sl,ORB,0,1510.0,-101033.0578512418,,2.0,London
f536e9d0-b59c-4c44-9ba7-b82dfdee2f81,EURUSD,short,0.2,1.06626,1.0590000000000004,2023-01-02T10:45:00,2023-01-03T03:10:00,145.199999999992,0.0,142.199999999992,3.0,0.0,1.06999,1.0589500000000003,win,tp,ORB,0,985.0,194638.0697050825,,2.0,London
a32d2206-1c9c-4877-bd76-79e3f3a4b2b0,EURUSD,long,0.2,1.09146,1.1009800000000003,2023-02-01T12:10:00,2023-02-01T18:10:00,190.40000000000393,0.0,187.40000000000393,3.0,0.0,1.0865999999999998,1.1010300000000004,win,tp,ORB,0,360.0,195884.77366254304,,2.0,London
fd681667-7a8f-4bab-ba8e-b455ab99123c,EURUSD,short,0.2,1.07167,1.0761700000000003,2023-02-08T10:05:00,2023-02-09T04:05:00,-90.00000000000784,0.0,-93.00000000000784,3.0,0.0,1.0761200000000002,1.0629199999999996,loss,sl,ORB,0,1080.0,-101123.59550562027,,2.0,London
0010aca4-5523-4b65-8ce1-611ea6a69ea9,EURUSD,short,0.2,1.07504,1.0670800000000003,2023-02-09T11:20:00,2023-02-10T11:45:00,159.19999999999493,0.0,156.19999999999493,3.0,0.0,1.07912,1.0670300000000001,win,tp,ORB,0,1465.0,195098.03921567605,,2.0,London
3e178428-ae8e-45e0-abec-935f7fe26b98,EURUSD,long,0.2,1.0709600000000001,1.0801800000000001,2023-02-13T10:00:00,2023-02-14T08:30:00,184.40000000000012,0.0,181.40000000000012,3.0,0.0,1.06625,1.0802300000000002,win,tp,ORB,0,1350.0,195753.71549892964,,2.0,London
4a181d0c-a65d-445f-8996-9d13590ff285,EURUSD,long,0.2,1.06624,1.0611599999999999,2023-02-17T10:55:00,2023-02-22T15:00:00,-101.6000000000039,0.0,-104.6000000000039,3.0,0.0,1.06121,1.07615,loss,sl,ORB,0,7445.0,-100994.03578529035,,2.0,London
967a9983-75f0-43fb-bc6d-c8d5fb20ba05,EURUSD,short,0.2,1.05852,1.0624900000000002,2023-02-23T11:40:00,2023-02-28T04:00:00,-79.40000000000504,0.0,-82.40000000000504,3.0,0.0,1.06244,1.05083,loss,sl,ORB,0,6740.0,-101275.51020408429,,2.0,London
4f2da2ce-8de1-4c55-8ab1-e2d1e20da59b,EURUSD,short,0.2,1.0599999999999998,1.0641600000000002,2023-02-28T11:55:00,2023-03-01T02:55:00,-83.20000000000772,0.0,-86.20000000000772,3.0,0.0,1.0641100000000001,1.0519299999999996,loss,sl,ORB,0,900.0,-101216.54501216793,,2.0,London
259a9aa1-b7e0-4a66-99e4-945280fb2a25,EURUSD,short,0.30000000000000004,1.0595299999999999,1.0630400000000002,2023-03-03T11:00:00,2023-03-03T15:00:00,-105.3000000000104,0.0,-108.3000000000104,3.0,0.0,1.06299,1.0527599999999997,loss,sl,ORB,0,240.0,-101445.08670520526,,2.0,London
14a6b892-d36b-4288-b7bc-4b8078f07f61,EURUSD,long,0.30000000000000004,1.08423,1.0910299999999997,2023-03-28T11:20:00,2023-03-30T09:00:00,203.99999999999085,0.0,200.99999999999085,3.0,0.0,1.08073,1.0910799999999998,win,tp,ORB,0,2740.0,194285.7142857023,,2.0,London
b2c619ea-5c11-4d89-b74f-f528dd10c69b,EURUSD,short,0.5,1.09063,1.0867500000000003,2023-03-30T11:10:00,2023-03-31T10:50:00,193.99999999998306,0.0,190.99999999998306,3.0,0.0,1.09267,1.0867000000000002,win,tp,ORB,0,1420.0,190196.07843135204,,2.0,London
d0db7385-e4a5-4ce0-94b1-4a0e331cc7f7,EURUSD,short,0.30000000000000004,1.0936899999999998,1.0877099999999997,2023-04-05T10:05:00,2023-04-10T08:05:00,179.40000000000293,0.0,176.40000000000293,3.0,0.0,1.09678,1.0876599999999996,win,tp,ORB,0,7080.0,193527.50809060177,,2.0,London
d04cc6bd-9ff2-4159-9c53-d7b39f1c533d,EURUSD,short,0.2,1.0839899999999998,1.0887700000000002,2023-04-10T11:00:00,2023-04-10T23:20:00,-95.600000000009,0.0,-98.600000000009,3.0,0.0,1.0887200000000001,1.0746799999999994,loss,sl,ORB,0,740.0,-101057.08245243343,,2.0,London
76ef1386-466c-4e9e-9888-82ae4848a78a,EURUSD,long,0.2,1.09745,1.1070499999999999,2023-04-19T10:10:00,2023-04-26T10:00:00,191.99999999999662,0.0,188.99999999999662,3.0,0.0,1.09255,1.1071,win,tp,ORB,0,10070.0,195918.36734693026,,2.0,London
38093403-4de5-4588-9a75-fa361cf2e4b7,EURUSD,short,0.2,1.09859,1.1036500000000002,2023-05-01T10:30:00,2023-05-03T03:15:00,-101.20000000000573,0.0,-104.20000000000573,3.0,0.0,1.1036000000000001,1.08872,loss,sl,ORB,0,2445.0,-100998.00399201803,,2.0,London
e8e09e10-ef12-47b6-9959-0198830fd1fd,EURUSD,long,0.4,1.10491,1.1020999999999999,2023-05-03T10:10:00,2023-05-04T09:00:00,-112.40000000000805,0.0,-115.40000000000805,3.0,0.0,1.10215,1.11028,loss,sl,ORB,0,1370.0,-101811.59420290231,,2.0,London
9bcb48d0-935a-47f2-8c39-959d07cde834,EURUSD,short,0.30000000000000004,1.1021699999999999,1.0959099999999997,2023-05-08T10:40:00,2023-05-09T08:05:00,187.80000000000467,0.0,184.80000000000467,3.0,0.0,1.1054000000000002,1.0958599999999996,win,tp,ORB,0,1285.0,193808.0495355912,,2.0,London
afd35603-40bb-460c-a32b-6e58189c1705,EURUSD,short,0.2,1.0856999999999999,1.07628,2023-05-16T11:05:00,2023-05-18T21:30:00,188.39999999999966,0.0,185.39999999999966,3.0,0.0,1.09051,1.0762299999999998,win,tp,ORB,0,3505.0,195841.99584198723,,2.0,London
b732d955-91f9-4e53-8b86-39690438a114,EURUSD,short,0.2,1.0711099999999998,1.0758200000000002,2023-05-26T11:45:00,2023-06-01T12:30:00,-94.20000000000871,0.0,-97.20000000000871,3.0,0.0,1.0757700000000001,1.0619399999999994,loss,sl,ORB,0,8685.0,-101072.96137339274,,2.0,London
f82ee105-06e8-487e-84f5-38014a3f2c78,EURUSD,long,0.30000000000000004,1.07119,1.06767,2023-06-05T11:00:00,2023-06-06T08:00:00,-105.60000000000569,0.0,-108.60000000000569,3.0,0.0,1.06772,1.07798,loss,sl,ORB,0,1260.0,-101440.92219020473,,2.0,London
4492760b-05c2-486f-815d-c0bf0ce826e6,EURUSD,long,0.4,1.0690400000000002,1.0736400000000006,2023-06-06T11:00:00,2023-06-07T10:00:00,184.00000000001526,0.0,181.00000000001526,3.0,0.0,1.0666399999999998,1.0736900000000007,win,tp,ORB,0,1380.0,191666.66666665045,,2.0,London
273fbea8-df4c-40f5-8eaa-792dd9573ffe,EURUSD,short,0.4,1.07567,1.0785100000000003,2023-06-09T10:45:00,2023-06-12T05:35:00,-113.60000000001592,0.0,-116.60000000001592,3.0,0.0,1.0784600000000002,1.0702399999999996,loss,sl,ORB,0,4010.0,-101792.1146953441,,2.0,London
c03ca842-bfab-4522-85c4-9b9d4e5a4451,EURUSD,short,0.30000000000000004,1.0925999999999998,1.0966800000000003,2023-06-16T11:00:00,2023-06-21T12:40:00,-122.40000000001584,0.0,-125.40000000001584,3.0,0.0,1.0966300000000002,1.0846899999999993,loss,sl,ORB,0,7300.0,-101240.69478908436,,2.0,London
5b10e402-1826-46cc-abc4-1c509ae36e67,EURUSD,short,0.2,1.0958299999999999,1.0859699999999997,2023-06-22T11:00:00,2023-06-23T03:30:00,197.20000000000402,0.0,194.20000000000402,3.0,0.0,1.1008600000000002,1.0859199999999996,win,tp,ORB,0,990.0,196023.85685883876,,2.0,London
cfc329ce-909f-488b-a584-fc5525c6f2fb,EURUSD,short,0.2,1.0917999999999999,1.0963100000000001,2023-06-28T10:10:00,2023-07-07T11:55:00,-90.20000000000472,0.0,-93.20000000000472,3.0,0.0,1.09626,1.08303,loss,sl,ORB,0,13065.0,-101121.07623318619,,2.0,London
3b3549d2-f46c-4dda-b7c6-9e09cd8bae9e,EURUSD,long,0.30000000000000004,1.0975700000000002,1.10393,2023-07-10T10:00:00,2023-07-12T08:30:00,190.79999999999768,0.0,187.79999999999768,3.0,0.0,1.09429,1.1039800000000002,win,tp,ORB,0,2790.0,193902.4390243777,,2.0,London
0304d106-6757-47e3-80ad-62c74bcf9dd8,EURUSD,short,0.2,1.1191,1.1094,2023-07-19T11:00:00,2023-07-24T03:30:00,194.00000000000082,0.0,191.00000000000082,3.0,0.0,1.1240500000000002,1.1093499999999998,win,tp,ORB,0,6750.0,195959.5959595876,,2.0,London
6b5e4efd-bfe7-4eb6-93f5-e90c2f9dfbfb,EURUSD,short,0.30000000000000004,1.1004999999999998,1.0924999999999998,2023-07-31T12:35:00,2023-08-02T10:25:00,240.00000000000023,0.0,237.00000000000023,3.0,0.0,1.1046,1.0924499999999997,win,tp,ORB,0,2750.0,195121.95121950214,,2.0,London
8962e2b5-1dec-48a9-81bc-9168fd10cf83,EURUSD,long,0.2,1.0957100000000002,1.1045900000000002,2023-08-03T12:35:00,2023-08-10T08:30:00,177.59999999999997,0.0,174.59999999999997,3.0,0.0,1.09117,1.1046400000000003,win,tp,ORB,0,9835.0,195594.71365637856,,2.0,London
317735e1-ce73-4e83-94a7-b491f7b6c3de,EURUSD,short,0.30000000000000004,1.08944,1.08152,2023-08-16T12:10:00,2023-08-23T03:30:00,237.5999999999978,0.0,234.5999999999978,3.0,0.0,1.0935000000000001,1.08147,win,tp,ORB,0,9560.0,195073.89162560555,,2.0,London
7e4ea946-70c9-4ea4-9534-25f7c57112b2,EURUSD,short,0.30000000000000004,1.0708399999999998,1.0749800000000003,2023-09-06T10:00:00,2023-09-11T10:05:00,-124.20000000001431,0.0,-127.20000000001431,3.0,0.0,1.0749300000000002,1.0628099999999994,loss,sl,ORB,0,7205.0,-101222.49388753303,,2.0,London
5ce64191-c46b-4f5b-b662-106fd08863f6,EURUSD,long,0.30000000000000004,1.06827,1.0644099999999999,2023-09-15T10:00:00,2023-09-20T20:20:00,-115.8000000000059,0.0,-118.8000000000059,3.0,0.0,1.06446,1.07574,loss,sl,ORB,0,7820.0,-101312.33595800797,,2.0,London
b2da0905-52f3-46e5-92d1-2a4b1e6d2b25,EURUSD,long,0.2,1.0669300000000002,1.0623599999999997,2023-09-21T10:30:00,2023-09-22T03:15:00,-91.40000000000815,0.0,-94.40000000000815,3.0,0.0,1.0624099999999999,1.0758200000000004,loss,sl,ORB,0,1005.0,-101106.19469026774,,2.0,London
c05e166e-31c8-4503-9025-1d21296624b6,EURUSD,short,0.30000000000000004,1.05683,1.0610000000000002,2023-09-26T11:50:00,2023-09-29T03:35:00,-125.10000000000689,0.0,-128.1000000000069,3.0,0.0,1.06095,1.04874,loss,sl,ORB,0,3825.0,-101213.59223301224,,2.0,London
42f2f54d-697b-4b85-957c-7b7a10895919,EURUSD,short,0.2,1.0573199999999998,1.0486799999999996,2023-09-29T10:15:00,2023-10-02T15:40:00,172.80000000000405,0.0,169.80000000000405,3.0,0.0,1.0617400000000001,1.0486299999999995,win,tp,ORB,0,4645.0,195475.1131221627,,2.0,London
e8b62ace-36dc-49aa-a783-e4796a86b79d,EURUSD,short,0.30000000000000004,1.0454199999999998,1.0494300000000003,2023-10-03T10:00:00,2023-10-04T05:05:00,-120.30000000001542,0.0,-123.30000000001542,3.0,0.0,1.0493800000000002,1.0376499999999993,loss,sl,ORB,0,1145.0,-101262.6262626288,,2.0,London
37269349-c0b5-48f5-b113-9d8e11744e86,EURUSD,short,0.2,1.0487199999999999,1.0533100000000002,2023-10-04T10:20:00,2023-10-05T10:25:00,-91.80000000000632,0.0,-94.80000000000632,3.0,0.0,1.05326,1.0397899999999998,loss,sl,ORB,0,1445.0,-101101.32158590536,,2.0,London
6f1e2bc3-2fbb-48c8-b730-29b403ce08e1,EURUSD,short,0.2,1.05104,1.05594,2023-10-13T12:10:00,2023-10-16T15:10:00,-98.00000000000253,0.0,-101.00000000000253,3.0,0.0,1.05589,1.0414900000000002,loss,sl,ORB,0,4500.0,-101030.9278350537,,2.0,London
e671611f-05e7-4c61-be0c-4af5c520129b,EURUSD,long,0.2,1.0581,1.0531799999999998,2023-10-17T10:20:00,2023-10-18T10:45:00,-98.40000000000515,0.0,-101.40000000000515,3.0,0.0,1.0532299999999999,1.06769,loss,sl,ORB,0,1465.0,-101026.69404517667,,2.0,London
f7420ecf-64b2-4503-9ece-606f36350e9f,EURUSD,long,0.2,1.062,1.0570399999999998,2023-10-23T10:45:00,2023-10-25T05:25:00,-99.20000000000596,0.0,-102.20000000000596,3.0,0.0,1.0570899999999999,1.0716700000000001,loss,sl,ORB,0,2560.0,-101018.32993890232,,2.0,London
67c30da9-be20-41a6-ad68-9218368d674e,EURUSD,long,0.5,1.0585,1.0564799999999999,2023-10-25T10:30:00,2023-10-25T16:55:00,-101.00000000000664,0.0,-104.00000000000664,3.0,0.0,1.05653,1.0622899999999997,loss,sl,ORB,0,385.0,-102538.07106599516,,2.0,London
fa59a429-e8fa-40ae-ae75-1f6d036eace3,EURUSD,short,0.30000000000000004,1.0725699999999998,1.0665699999999996,2023-11-06T10:10:00,2023-11-07T09:30:00,180.00000000000685,0.0,177.00000000000685,3.0,0.0,1.0756700000000001,1.0665199999999995,win,tp,ORB,0,1400.0,193548.38709676126,,2.0,London
a8f255ca-2357-49e0-9883-3f03fb97a400,EURUSD,long,0.5,1.0683,1.0662999999999998,2023-11-07T10:10:00,2023-11-08T04:10:00,-100.0000000000112,0.0,-103.0000000000112,3.0,0.0,1.06635,1.07205,loss,sl,ORB,0,1080.0,-102564.10256410783,,2.0,London
1d718e83-b13e-4467-bbcb-2db2945c91d3,EURUSD,long,0.30000000000000004,1.0693100000000002,1.0658299999999998,2023-11-08T10:25:00,2023-11-10T02:05:00,-104.40000000001115,0.0,-107.40000000001115,3.0,0.0,1.06588,1.0760200000000004,loss,sl,ORB,0,2380.0,-101457.72594752481,,2.0,London
874c8197-a385-463d-85b8-d825387cb028,EURUSD,long,0.30000000000000004,1.0702,1.0775,2023-11-13T11:45:00,2023-11-14T08:30:00,218.9999999999959,0.0,215.9999999999959,3.0,0.0,1.06645,1.07755,win,tp,ORB,0,1245.0,194666.66666665563,,2.0,London
024306dd-c5d2-4c50-8f78-14a2c32bfbd6,EURUSD,long,0.2,1.0882,1.0832899999999999,2023-11-16T10:00:00,2023-11-17T03:00:00,-98.20000000000385,0.0,-101.20000000000385,3.0,0.0,1.08334,1.09777,loss,sl,ORB,0,1020.0,-101028.8065843643,,2.0,London
b11f2d61-0cab-40d9-885a-0d70a7561c30,EURUSD,long,0.30000000000000004,1.0947900000000002,1.0911899999999999,2023-11-20T12:00:00,2023-11-21T13:10:00,-108.0000000000081,0.0,-111.0000000000081,3.0,0.0,1.09124,1.1017400000000002,loss,sl,ORB,0,1510.0,-101408.45070422825,,2.0,London
18bdc036-8f28-42a8-ba2f-809758d2a3af,EURUSD,short,0.2,1.0869799999999998,1.0920700000000003,2023-11-22T11:55:00,2023-11-23T03:30:00,-101.80000000000967,0.0,-104.80000000000967,3.0,0.0,1.0920200000000002,1.0770499999999994,loss,sl,ORB,0,935.0,-100992.06349206553,,2.0,London
dfb559ab-534d-482a-908c-470964585151,EURUSD,long,0.2,1.0944200000000002,1.09004,2023-11-24T10:00:00,2023-11-30T09:40:00,-87.60000000000547,0.0,-90.60000000000547,3.0,0.0,1.09009,1.1029300000000002,loss,sl,ORB,0,8620.0,-101154.73441108786,,2.0,London
d65330c5-d145-4a23-9bd5-41fd58df4f30,EURUSD,long,0.4,1.0917400000000002,1.0891399999999998,2023-11-30T10:00:00,2023-11-30T12:50:00,-104.00000000001519,0.0,-107.00000000001519,3.0,0.0,1.0891899999999999,1.0966900000000004,loss,sl,ORB,0,170.0,-101960.78431372941,,2.0,London
d3b3dded-d41a-4626-b6c0-cf8ca67a07af,EURUSD,short,0.2,1.0793499999999998,1.0843500000000001,2023-12-05T11:25:00,2023-12-13T14:00:00,-100.00000000000676,0.0,-103.00000000000676,3.0,0.0,1.0843,1.0695999999999997,loss,sl,ORB,0,11675.0,-101010.10101010311,,2.0,London
16a34e5a-b92f-46a2-a765-9caf3eda2915,EURUSD,long,0.2,1.09735,1.0932899999999999,2023-12-20T10:40:00,2023-12-20T15:55:00,-81.20000000000348,0.0,-84.20000000000348,3.0,0.0,1.09334,1.1052199999999999,loss,sl,ORB,0,315.0,-101246.88279302005,,2.0,London
4b900ae8-124b-4091-b89f-b13695e042fc,EURUSD,long,0.5,1.10294,1.1070199999999997,2023-12-26T10:05:00,2023-12-27T08:30:00,203.99999999998198,0.0,200.99999999998198,3.0,0.0,1.1008,1.1070699999999998,win,tp,ORB,0,1345.0,190654.20560745706,,2.0,London
7005cc01-ff91-40fb-8024-efd63d1e281a,EURUSD,long,0.2,1.11074,1.1061099999999997,2023-12-27T10:00:00,2023-12-28T13:00:00,-92.60000000000713,0.0,-95.60000000000713,3.0,0.0,1.1061599999999998,1.1197500000000002,loss,sl,ORB,0,1620.0,-101091.70305677081,,2.0,London
a5647790-8b33-4d6f-bf7e-68258cf77971,EURUSD,long,0.2,1.09637,1.0921599999999998,2024-01-08T10:05:00,2024-01-09T10:50:00,-84.20000000000539,0.0,-87.20000000000539,3.0,0.0,1.09221,1.10454,loss,sl,ORB,0,1485.0,-101201.92307692557,,2.0,London
871e6abe-8b0a-46d5-ba6a-36676f7851ba,EURUSD,long,0.30000000000000004,1.0958,1.0921799999999997,2024-01-10T10:30:00,2024-01-15T19:55:00,-108.60000000001202,0.0,-111.60000000001202,3.0,0.0,1.0922299999999998,1.1027900000000004,loss,sl,ORB,0,7765.0,-101400.56022409245,,2.0,London
87befee8-c01f-40a2-93ef-b41917485295,EURUSD,short,0.2,1.08449,1.0884900000000002,2024-01-17T10:50:00,2024-01-17T18:45:00,-80.0000000000045,0.0,-83.0000000000045,3.0,0.0,1.08844,1.07674,loss,sl,ORB,0,475.0,-101265.82278481274,,2.0,London
854ae75b-9ec9-4b17-a1d8-fcab24f9af4d,EURUSD,short,0.2,1.08015,1.0851000000000002,2024-01-29T10:15:00,2024-01-30T09:25:00,-99.00000000000465,0.0,-102.00000000000465,3.0,0.0,1.08505,1.0705,loss,sl,ORB,0,1390.0,-101020.40816326744,,2.0,London
3ab1baca-e324-4c5c-ade1-d2847e35deb5,EURUSD,short,0.5,1.08394,1.0858300000000003,2024-01-30T10:00:00,2024-01-31T08:40:00,-94.50000000001957,0.0,-97.50000000001957,3.0,0.0,1.0857800000000002,1.0804099999999996,loss,sl,ORB,0,1360.0,-102717.39130435314,,2.0,London
23816bc6-22d3-4374-959a-44a01c5acc25,EURUSD,short,0.2,1.0848799999999998,1.08875,2024-01-31T11:20:00,2024-02-02T03:10:00,-77.40000000000524,0.0,-80.40000000000524,3.0,0.0,1.0887,1.0773899999999998,loss,sl,ORB,0,2390.0,-101308.9005235629,,2.0,London
bc381e67-83f3-47d1-9b97-375eb6922bb9,EURUSD,short,0.30000000000000004,1.07561,1.07848,2024-02-07T10:55:00,2024-02-07T22:25:00,-86.10000000000451,0.0,-89.10000000000451,3.0,0.0,1.07843,1.0701200000000002,loss,sl,ORB,0,690.0,-101773.04964539378,,2.0,London
2cdf18e0-182c-438f-a8fa-a82bef1616bb,EURUSD,short,0.2,1.0759599999999998,1.08065,2024-02-12T10:15:00,2024-02-20T05:35:00,-93.8000000000061,0.0,-96.8000000000061,3.0,0.0,1.0806,1.0668299999999997,loss,sl,ORB,0,11240.0,-101077.58620689878,,2.0,London
43cdf3a0-e738-4329-8ea1-65fac941aacf,EURUSD,long,0.30000000000000004,1.0818500000000002,1.0874700000000006,2024-02-21T10:05:00,2024-02-22T03:15:00,168.6000000000121,0.0,165.6000000000121,3.0,0.0,1.0789399999999998,1.0875200000000007,win,tp,ORB,0,1030.0,193127.1477663095,,2.0,London
c918ac2a-a5f1-4652-82a1-24371440e280,EURUSD,short,0.30000000000000004,1.0835199999999998,1.0866900000000002,2024-02-27T10:30:00,2024-03-04T11:05:00,-95.1000000000102,0.0,-98.1000000000102,3.0,0.0,1.08664,1.0774299999999997,loss,sl,ORB,0,8675.0,-101602.56410256737,,2.0,London
83740772-b0a6-41d8-ab72-b1f3aceb7739,EURUSD,long,0.4,1.08653,1.0914299999999997,2024-03-05T10:00:00,2024-03-06T11:55:00,195.9999999999873,0.0,192.9999999999873,3.0,0.0,1.08398,1.0914799999999998,win,tp,ORB,0,1555.0,192156.86274508166,,2.0,London
dee87b0f-6c6d-4c69-9d33-1ce31e2590c8,EURUSD,short,0.30000000000000004,1.09147,1.0949000000000002,2024-03-11T10:40:00,2024-03-13T11:55:00,-102.90000000000799,0.0,-105.90000000000799,3.0,0.0,1.09485,1.08486,loss,sl,ORB,0,2955.0,-101479.28994083146,,2.0,London
1e8c7d92-d46e-4e55-8e8d-b39be0575cff,EURUSD,short,0.4,1.08825,1.0836299999999999,2024-03-18T10:35:00,2024-03-19T04:55:00,184.80000000000274,0.0,181.80000000000274,3.0,0.0,1.0906600000000002,1.0835799999999998,win,tp,ORB,0,1100.0,191701.24481326135,,2.0,London
476f742e-9381-491b-96d6-e4497a179b7e,EURUSD,short,0.30000000000000004,1.0806799999999999,1.0835500000000002,2024-03-22T11:45:00,2024-03-25T08:05:00,-86.10000000001118,0.0,-89.10000000001118,3.0,0.0,1.0835000000000001,1.0751899999999996,loss,sl,ORB,0,4100.0,-101773.04964539364,,2.0,London
9194813e-938f-4a34-a7e6-4c19b036b54a,EURUSD,short,0.30000000000000004,1.0837299999999999,1.0784299999999998,2024-03-26T10:00:00,2024-03-28T04:05:00,159.00000000000247,0.0,156.00000000000247,3.0,0.0,1.0864800000000001,1.0783799999999997,win,tp,ORB,0,2525.0,192727.272727258,,2.0,London
4ddb3aa9-a733-4428-8f8a-7f8f06f3fb39,EURUSD,short,0.2,1.07507,1.0793100000000002,2024-04-01T10:00:00,2024-04-03T09:40:00,-84.80000000000487,0.0,-87.80000000000487,3.0,0.0,1.07926,1.06684,loss,sl,ORB,0,2860.0,-101193.31742243684,,2.0,London
28ef1388-9981-45b9-99bd-1e69a791d09b,EURUSD,long,0.30000000000000004,1.08565,1.0819799999999997,2024-04-08T10:50:00,2024-04-10T08:30:00,-110.10000000000852,0.0,-113.10000000000852,3.0,0.0,1.0820299999999998,1.09274,loss,sl,ORB,0,2740.0,-101381.21546961609,,2.0,London
f4d485a5-8d3f-4743-86f9-0430109259d1,EURUSD,short,0.2,1.07104,1.0619400000000003,2024-04-11T10:25:00,2024-04-15T20:35:00,181.9999999999933,0.0,178.9999999999933,3.0,0.0,1.07569,1.0618900000000002,win,tp,ORB,0,6370.0,195698.92473117376,,2.0,London
91be831a-16e6-4d65-9e63-bb030f84659c,EURUSD,long,0.2,1.0655000000000001,1.0752000000000002,2024-04-17T12:45:00,2024-04-26T04:40:00,194.00000000000082,0.0,191.00000000000082,3.0,0.0,1.0605499999999999,1.0752500000000003,win,tp,ORB,0,12475.0,195959.5959595876,,2.0,London
3c3c7399-39d5-4b61-94d5-00455406a424,EURUSD,short,0.2,1.07035,1.0753700000000002,2024-04-26T10:05:00,2024-05-03T08:30:00,-100.40000000000492,0.0,-103.40000000000492,3.0,0.0,1.07532,1.06056,loss,sl,ORB,0,9985.0,-101006.0362173059,,2.0,London
c0e8f19d-5142-4829-8aa6-44a7ce8bc1e8,EURUSD,long,0.5,1.07549,1.0733999999999997,2024-05-08T11:45:00,2024-05-09T03:40:00,-104.50000000001847,0.0,-107.50000000001847,3.0,0.0,1.0734499999999998,1.0794200000000003,loss,sl,ORB,0,955.0,-102450.98039216173,,2.0,London
7fc58887-f69c-46d1-bdcd-20e05b9e002b,EURUSD,long,0.2,1.07694,1.08594,2024-05-09T10:00:00,2024-05-15T08:30:00,179.99999999999795,0.0,176.99999999999795,3.0,0.0,1.0723399999999998,1.08599,win,tp,ORB,0,8550.0,195652.17391303446,,2.0,London
54458fe3-c4d8-4aa9-8128-9510d97a253a,EURUSD,long,0.2,1.08721,1.0827799999999999,2024-05-15T11:25:00,2024-05-22T07:35:00,-88.60000000000312,0.0,-91.60000000000312,3.0,0.0,1.08283,1.0958199999999998,loss,sl,ORB,0,9850.0,-101141.55251141792,,2.0,London
07e9d1ee-880b-4f2d-a498-5a978f4a10a6,EURUSD,long,0.5,1.08416,1.0820899999999998,2024-05-22T11:40:00,2024-05-22T14:20:00,-103.50000000001191,0.0,-106.50000000001191,3.0,0.0,1.0821399999999999,1.08805,loss,sl,ORB,0,160.0,-102475.24752475753,,2.0,London
a000e845-a54c-4c17-9ca2-43aab4ddebbe,EURUSD,long,0.2,1.0854700000000002,1.0807999999999998,2024-05-24T11:20:00,2024-05-29T12:10:00,-93.40000000000794,0.0,-96.40000000000794,3.0,0.0,1.0808499999999999,1.0945600000000004,loss,sl,ORB,0,7250.0,-101082.25108225331,,2.0,London
59db1b1f-724f-4c30-9c3d-923053314be4,EURUSD,long,0.2,1.0837100000000002,1.0788499999999999,2024-05-30T10:05:00,2024-06-09T17:00:00,-97.20000000000618,0.0,-100.20000000000618,3.0,0.0,1.0789,1.0931800000000003,loss,sl,ORB,0,14815.0,-101039.5010395032,,2.0,London
23a31f2d-1d6d-4185-ad34-2f039e9eccc4,EURUSD,short,0.2,1.0774599999999999,1.0692199999999996,2024-06-13T10:25:00,2024-06-14T04:45:00,164.80000000000496,0.0,161.80000000000496,3.0,0.0,1.0816800000000002,1.0691699999999995,win,tp,ORB,0,1100.0,195260.6635070994,,2.0,London
260875ce-110e-4b5f-a8b9-286aac1f1374,EURUSD,long,0.30000000000000004,1.0722900000000002,1.0685299999999998,2024-06-17T11:10:00,2024-06-21T03:30:00,-112.80000000001289,0.0,-115.80000000001289,3.0,0.0,1.0685799999999999,1.0795600000000005,loss,sl,ORB,0,5300.0,-101347.70889488142,,2.0,London
fe4e522f-1280-4817-991e-c6050b2554ca,EURUSD,long,0.2,1.0745600000000002,1.0696299999999999,2024-06-24T10:00:00,2024-06-25T10:00:00,-98.60000000000646,0.0,-101.60000000000646,3.0,0.0,1.06968,1.0841700000000003,loss,sl,ORB,0,1440.0,-101024.59016393653,,2.0,London
66b63ac0-9890-41f4-8912-6b569f3dafe5,EURUSD,long,0.30000000000000004,1.07214,1.0783399999999999,2024-06-28T10:50:00,2024-07-03T09:15:00,185.99999999999287,0.0,182.99999999999287,3.0,0.0,1.06894,1.07839,win,tp,ORB,0,7105.0,193749.999999987,,2.0,London
9ef51f60-f922-4ea0-9afd-c0c577415d6e,EURUSD,long,0.4,1.0802800000000001,1.0778299999999998,2024-07-03T10:00:00,2024-07-03T14:20:00,-98.00000000001143,0.0,-101.00000000001143,3.0,0.0,1.07788,1.0849300000000002,loss,sl,ORB,0,260.0,-102083.33333333759,,2.0,London
336cebaa-4b5f-498a-b637-6e5927a6572e,EURUSD,long,0.4,1.0805600000000002,1.0846000000000005,2024-07-04T10:30:00,2024-07-11T04:45:00,161.60000000001062,0.0,158.60000000001062,3.0,0.0,1.0784399999999998,1.0846500000000006,win,tp,ORB,0,9735.0,190566.03773583067,,2.0,London
26849578-b22e-4d25-8ee0-db29f5f16f9d,EURUSD,long,0.2,1.08989,1.0860699999999999,2024-07-12T10:00:00,2024-07-23T06:10:00,-76.40000000000315,0.0,-79.40000000000315,3.0,0.0,1.08612,1.0972799999999998,loss,sl,ORB,0,15610.0,-101326.25994695238,,2.0,London
11ae6866-e363-4a63-8f61-59e27a31e2dd,EURUSD,short,0.4,1.0844699999999998,1.0869400000000002,2024-07-23T10:50:00,2024-07-25T13:10:00,-98.80000000001667,0.0,-101.80000000001667,3.0,0.0,1.0868900000000001,1.0797799999999995,loss,sl,ORB,0,3020.0,-102066.11570248344,,2.0,London
ec12aaed-ef93-4f2e-adc3-fa7f41ba0014,EURUSD,short,0.30000000000000004,1.0799999999999998,1.0836600000000003,2024-07-30T10:00:00,2024-07-31T07:10:00,-109.80000000001323,0.0,-112.80000000001323,3.0,0.0,1.0836100000000002,1.0729299999999995,loss,sl,ORB,0,1270.0,-101385.04155124932,,2.0,London
ff59808a-2625-4b75-9e29-47a829c5c8d9,EURUSD,short,0.30000000000000004,1.08209,1.0850300000000002,2024-07-31T10:50:00,2024-08-02T08:30:00,-88.20000000000496,0.0,-91.20000000000496,3.0,0.0,1.08498,1.0764600000000002,loss,sl,ORB,0,2740.0,-101730.103806232,,2.0,London
5311b402-f375-4526-a7d8-6e8988bbd8f0,EURUSD,long,0.30000000000000004,1.09331,1.0904299999999998,2024-08-07T10:40:00,2024-08-08T08:40:00,-86.4000000000065,0.0,-89.4000000000065,3.0,0.0,1.09048,1.09882,loss,sl,ORB,0,1320.0,-101766.78445230049,,2.0,London
037d0a51-fa8c-4b99-acec-18b42c45b170,EURUSD,long,0.30000000000000004,1.0912300000000001,1.09731,2024-08-08T11:00:00,2024-08-13T12:55:00,182.39999999999594,0.0,179.39999999999594,3.0,0.0,1.08809,1.0973600000000001,win,tp,ORB,0,7315.0,193630.5732483945,,2.0,London
817b8f5a-338c-417a-9e6a-dc615b53e1b5,EURUSD,long,0.4,1.10539,1.11005,2024-08-19T10:05:00,2024-08-20T09:10:00,186.39999999999546,0.0,183.39999999999546,3.0,0.0,1.10296,1.1101,win,tp,ORB,0,1385.0,191769.54732508602,,2.0,London
ae41f1e8-8bf8-4e49-8b1b-2da638559eab,EURUSD,long,0.6000000000000001,1.1108300000000002,1.1136100000000002,2024-08-20T10:30:00,2024-08-21T11:25:00,166.8000000000003,0.0,163.8000000000003,3.0,0.0,1.10934,1.1136600000000003,win,tp,ORB,0,1495.0,186577.18120802726,,2.0,London
e9cc87f3-0e3f-4902-a8ab-ef5bdd7c8483,EURUSD,long,0.2,1.11532,1.1104499999999997,2024-08-23T10:00:00,2024-08-29T04:00:00,-97.40000000000748,0.0,-100.40000000000748,3.0,0.0,1.1104999999999998,1.1248100000000003,loss,sl,ORB,0,8280.0,-101037.34439834236,,2.0,London
23231df8-b0da-4355-9777-8385edec7fde,EURUSD,short,0.2,1.1049499999999999,1.1096000000000001,2024-08-30T12:15:00,2024-09-05T04:15:00,-93.0000000000053,0.0,-96.0000000000053,3.0,0.0,1.10955,1.0958999999999999,loss,sl,ORB,0,8160.0,-101086.95652174139,,2.0,London
434d3485-3ad9-485e-a2c0-b04c771c76fb,EURUSD,short,0.30000000000000004,1.1085699999999998,1.1120700000000001,2024-09-05T10:05:00,2024-09-06T02:55:00,-105.00000000000844,0.0,-108.00000000000844,3.0,0.0,1.11202,1.1018199999999998,loss,sl,ORB,0,1010.0,-101449.27536232182,,2.0,London
c351fe7b-9ca8-4812-b1ad-31be9e7373d4,EURUSD,short,0.2,1.10347,1.1072800000000003,2024-09-09T10:40:00,2024-09-12T16:20:00,-76.20000000000626,0.0,-79.20000000000626,3.0,0.0,1.1072300000000002,1.0960999999999999,loss,sl,ORB,0,4660.0,-101329.78723404527,,2.0,London
a834dbbe-9035-451b-9b7e-bf1848ec434a,EURUSD,short,0.30000000000000004,1.1108799999999999,1.1140800000000002,2024-09-18T10:30:00,2024-09-18T14:00:00,-96.00000000000941,0.0,-99.00000000000941,3.0,0.0,1.11403,1.1047299999999998,loss,sl,ORB,0,210.0,-101587.30158730481,,2.0,London
74cd0352-ac58-4ffe-92f7-c853d3a0311e,EURUSD,short,0.30000000000000004,1.11475,1.1182800000000002,2024-09-20T10:00:00,2024-09-24T18:35:00,-105.90000000000765,0.0,-108.90000000000765,3.0,0.0,1.11823,1.10794,loss,sl,ORB,0,6275.0,-101436.78160919835,,2.0,London
c5aacc9a-d898-4cae-be35-eaea8ef4ed6d,EURUSD,short,0.2,1.1174899999999999,1.10977,2024-09-25T10:40:00,2024-10-01T05:40:00,154.39999999999898,0.0,151.39999999999898,3.0,0.0,1.12145,1.1097199999999998,win,tp,ORB,0,8340.0,194949.49494948454,,2.0,London
b2173588-694e-4a5d-90b5-88c85784611a,EURUSD,short,0.2,1.10567,1.0970900000000001,2024-10-01T12:35:00,2024-10-04T08:30:00,171.5999999999962,0.0,168.5999999999962,3.0,0.0,1.11006,1.09704,win,tp,ORB,0,4075.0,195444.19134395404,,2.0,London
81e76f45-67c9-4aee-859b-450207e1592f,EURUSD,long,0.30000000000000004,1.09844,1.0953199999999998,2024-10-07T12:55:00,2024-10-09T03:10:00,-93.60000000000703,0.0,-96.60000000000703,3.0,0.0,1.09537,1.10443,loss,sl,ORB,0,2295.0,-101628.66449511738,,2.0,London
f096475b-7650-4e01-bf9b-096cc0f7ce73,EURUSD,short,0.30000000000000004,1.09445,1.08931,2024-10-09T10:40:00,2024-10-14T15:00:00,154.19999999999771,0.0,151.19999999999771,3.0,0.0,1.09712,1.08926,win,tp,ORB,0,7460.0,192509.36329586487,,2.0,London
c6ff930a-f3b4-44d3-a918-99575d84f5ce,EURUSD,short,0.30000000000000004,1.08734,1.08184,2024-10-16T10:30:00,2024-10-17T09:10:00,165.00000000000182,0.0,162.00000000000182,3.0,0.0,1.0901900000000002,1.0817899999999998,win,tp,ORB,0,1360.0,192982.45614033664,,2.0,London
c8162680-e31c-4d47-9bfa-088350e9474f,EURUSD,long,0.30000000000000004,1.08376,1.0809999999999997,2024-10-17T11:25:00,2024-10-22T09:00:00,-82.80000000000955,0.0,-85.80000000000955,3.0,0.0,1.0810499999999998,1.0890300000000002,loss,sl,ORB,0,7055.0,-101845.01845018826,,2.0,London
c97cec5f-948f-494c-b602-e58e5db20613,EURUSD,short,0.30000000000000004,1.0812,1.0840200000000002,2024-10-25T11:35:00,2024-10-30T03:15:00,-84.60000000000801,0.0,-87.60000000000801,3.0,0.0,1.08397,1.07581,loss,sl,ORB,0,6700.0,-101805.05415162824,,2.0,London
8082d412-5bd6-41a6-a60a-05380f0206aa,EURUSD,short,0.30000000000000004,1.08845,1.0915700000000002,2024-11-04T11:45:00,2024-11-05T11:15:00,-93.60000000000703,0.0,-96.60000000000703,3.0,0.0,1.09152,1.08246,loss,sl,ORB,0,1410.0,-101628.66449511738,,2.0,London
37eb3d2a-b010-4fb0-a641-26a9022a80ad,EURUSD,short,0.30000000000000004,1.0605,1.0638200000000002,2024-11-12T10:40:00,2024-11-13T06:55:00,-99.60000000000636,0.0,-102.60000000000636,3.0,0.0,1.06377,1.05411,loss,sl,ORB,0,1215.0,-101529.05198777076,,2.0,London
2853e0df-034f-4f4a-9e17-007be9cfc62d,EURUSD,long,0.2,1.05766,1.0531499999999998,2024-11-18T11:45:00,2024-11-19T04:20:00,-90.20000000000472,0.0,-93.20000000000472,3.0,0.0,1.0532,1.06643,loss,sl,ORB,0,995.0,-101121.07623318619,,2.0,London
4952a197-1b17-4dc1-8270-e65b81a44552,EURUSD,short,0.2,1.0509799999999998,1.0435999999999994,2024-11-21T10:55:00,2024-11-22T04:00:00,147.60000000000773,0.0,144.60000000000773,3.0,0.0,1.0547700000000002,1.0435499999999993,win,tp,ORB,0,1025.0,194722.95514510814,,2.0,London
e3bec33e-be91-4706-81f9-04a7efcc7fc3,EURUSD,long,0.2,1.05908,1.05401,2024-12-09T11:00:00,2024-12-10T03:15:00,-101.40000000000259,0.0,-104.40000000000259,3.0,0.0,1.05406,1.0689699999999998,loss,sl,ORB,0,975.0,-100996.01593625707,,2.0,London
f0e1bdca-dd49-4284-b2c4-2cb951a4f34b,EURUSD,short,0.2,1.051,1.0432,2024-12-10T10:00:00,2024-12-18T14:00:00,156.00000000000057,0.0,153.00000000000057,3.0,0.0,1.0550000000000002,1.0431499999999998,win,tp,ORB,0,11760.0,194999.9999999897,,2.0,London
209ae261-b7a3-42d4-86f8-1373a246dfea,EURUSD,short,0.2,1.03802,1.0423200000000001,2024-12-19T10:45:00,2024-12-20T11:35:00,-86.00000000000387,0.0,-89.00000000000387,3.0,0.0,1.04227,1.02967,loss,sl,ORB,0,1490.0,-101176.47058823777,,2.0,London
d8a77122-0a1a-45a3-b3f2-f98234a3a520,EURUSD,short,0.4,1.03884,1.0410800000000002,2024-12-24T11:10:00,2024-12-24T19:55:00,-89.60000000000969,0.0,-92.60000000000969,3.0,0.0,1.0410300000000001,1.03461,loss,sl,ORB,0,525.0,-102283.10502283573,,2.0,London
4bde8c3e-b231-4dca-a598-b6440f98c4ce,EURUSD,long,0.5,1.04091,1.0445299999999997,2024-12-26T10:10:00,2024-12-30T06:20:00,180.99999999998673,0.0,177.99999999998673,3.0,0.0,1.039,1.0445799999999998,win,tp,ORB,0,5530.0,189528.79581149665,,2.0,London
984af363-4595-4486-86ea-219fe87e665c,EURUSD,long,0.30000000000000004,1.03037,1.03727,2025-01-03T12:05:00,2025-01-06T06:10:00,206.99999999999724,0.0,203.99999999999724,3.0,0.0,1.0268199999999998,1.03732,win,tp,ORB,0,3965.0,194366.19718308697,,2.0,London
ffad5550-6b99-409a-9895-d78dc354aece,EURUSD,long,0.2,1.0276800000000001,1.03506,2025-01-14T10:30:00,2025-01-15T08:30:00,147.59999999999883,0.0,144.59999999999883,3.0,0.0,1.02389,1.0351100000000002,win,tp,ORB,0,1320.0,194722.95514510784,,2.0,London
ab381eae-16b6-425d-854b-3f1704441843,EURUSD,long,0.2,1.0303200000000001,1.03878,2025-01-16T10:20:00,2025-01-20T08:30:00,169.19999999999823,0.0,166.19999999999823,3.0,0.0,1.02599,1.0388300000000001,win,tp,ORB,0,5650.0,195381.0623556486,,2.0,London
468d915f-f45f-4302-93b1-4b677dacd9ec,EURUSD,long,0.30000000000000004,1.0421,1.0482199999999997,2025-01-23T11:40:00,2025-01-24T03:10:00,183.59999999999047,0.0,180.59999999999047,3.0,0.0,1.03894,1.0482699999999998,win,tp,ORB,0,930.0,193670.8860759361,,2.0,London
cfbb026f-f8ec-432d-8719-62af6c4307fa,EURUSD,short,0.2,1.03633,1.0413500000000002,2025-01-31T10:05:00,2025-01-31T12:05:00,-100.40000000000492,0.0,-103.40000000000492,3.0,0.0,1.0413000000000001,1.02654,loss,sl,ORB,0,120.0,-101006.0362173059,,2.0,London
20de7e99-d737-4a5b-a4d7-5d440563c62c,EURUSD,long,0.2,1.0339,1.0416400000000001,2025-02-11T10:15:00,2025-02-12T12:15:00,154.8000000000016,0.0,151.8000000000016,3.0,0.0,1.0299299999999998,1.0416900000000002,win,tp,ORB,0,1560.0,194962.2166246748,,2.0,London
53275019-7a3b-44d1-9ba5-18df84c72a4c,EURUSD,short,0.30000000000000004,1.0439699999999998,1.0470100000000002,2025-02-18T12:50:00,2025-02-20T10:50:00,-91.20000000001129,0.0,-94.20000000001129,3.0,0.0,1.0469600000000001,1.0381399999999996,loss,sl,ORB,0,2760.0,-101672.24080267896,,2.0,London
d8c33e2b-8212-4ef0-9f17-be0fc47183d6,EURUSD,short,0.2,1.04555,1.0500400000000003,2025-02-21T10:20:00,2025-02-23T19:45:00,-89.80000000000655,0.0,-92.80000000000655,3.0,0.0,1.0499900000000002,1.0368199999999999,loss,sl,ORB,0,3445.0,-101126.12612612845,,2.0,London
9e99be68-fd2e-40c9-acfa-165026d021cd,EURUSD,long,0.30000000000000004,1.0512700000000001,1.0473699999999997,2025-02-26T11:35:00,2025-02-26T20:00:00,-117.00000000001376,0.0,-120.00000000001376,3.0,0.0,1.0474199999999998,1.0588200000000005,loss,sl,ORB,0,505.0,-101298.7012987039,,2.0,London
9f915c8a-e801-4c8e-97b7-83e6f6ae04fc,EURUSD,long,0.30000000000000004,1.04173,1.0384399999999998,2025-02-28T10:25:00,2025-02-28T13:15:00,-98.70000000000712,0.0,-101.70000000000712,3.0,0.0,1.03849,1.04806,loss,sl,ORB,0,170.0,-101543.20987654639,,2.0,London
288d4b88-95ac-422e-8fcc-2511b26d8860,EURUSD,short,0.2,1.0816,1.0862100000000001,2025-03-21T10:45:00,2025-04-02T11:05:00,-92.2000000000045,0.0,-95.2000000000045,3.0,0.0,1.08616,1.07263,loss,sl,ORB,0,17300.0,-101096.49122807245,,2.0,London
9e7fa00a-39eb-4f3c-b279-ae8127f0965c,EURUSD,long,0.30000000000000004,1.13887,1.14495,2025-04-18T10:45:00,2025-04-20T19:45:00,182.39999999999594,0.0,179.39999999999594,3.0,0.0,1.13573,1.145,win,tp,ORB,0,3420.0,193630.5732483945,,2.0,London
764f5246-3518-467b-be6d-bae94be7c870,EURUSD,long,0.2,1.13698,1.1320399999999997,2025-04-25T10:25:00,2025-04-30T16:05:00,-98.80000000000778,0.0,-101.80000000000778,3.0,0.0,1.1320899999999998,1.1466100000000004,loss,sl,ORB,0,7540.0,-101022.49488752766,,2.0,London
51129103-4533-468e-b2f0-88e95e52078b,EURUSD,short,0.30000000000000004,1.1343299999999998,1.1274899999999999,2025-05-07T11:25:00,2025-05-08T03:00:00,205.19999999999874,0.0,202.19999999999874,3.0,0.0,1.13785,1.1274399999999998,win,tp,ORB,0,935.0,194318.18181817012,,2.0,London
5d907dc0-5852-47a4-9f24-da51172495be,EURUSD,long,0.2,1.12715,1.1230999999999998,2025-05-09T10:10:00,2025-05-11T17:00:00,-81.00000000000662,0.0,-84.00000000000662,3.0,0.0,1.1231499999999999,1.1350000000000002,loss,sl,ORB,0,3290.0,-101250.00000000256,,2.0,London
ec4f7a1d-805e-4c77-8844-22ec54b7df18,EURUSD,short,0.2,1.1178,1.1228900000000002,2025-05-15T12:30:00,2025-05-19T03:25:00,-101.80000000000521,0.0,-104.80000000000521,3.0,0.0,1.12284,1.10787,loss,sl,ORB,0,5215.0,-100992.06349206553,,2.0,London
3727db53-8a99-4f5b-881d-18e0d89db5f4,EURUSD,short,0.2,1.1292,1.1341600000000003,2025-05-28T11:15:00,2025-05-29T08:55:00,-99.20000000000596,0.0,-102.20000000000596,3.0,0.0,1.1341100000000002,1.11953,loss,sl,ORB,0,1300.0,-101018.32993890232,,2.0,London
fecbc3ed-678e-4d2b-9ab4-c1c5c4fb06b8,EURUSD,long,0.4,1.13622,1.1335599999999997,2025-05-29T11:20:00,2025-05-30T02:15:00,-106.40000000001315,0.0,-109.40000000001315,3.0,0.0,1.1336099999999998,1.1412900000000001,loss,sl,ORB,0,895.0,-101915.7088122644,,2.0,London
beb120b8-096b-4a6b-bf48-ce81aec94f13,EURUSD,short,0.2,1.1540499999999998,1.1463299999999994,2025-06-17T10:20:00,2025-06-18T15:00:00,154.40000000000785,0.0,151.40000000000785,3.0,0.0,1.1580100000000002,1.1462799999999993,win,tp,ORB,0,1720.0,194949.49494948477,,2.0,London
55ec0651-a9dd-4d0a-9257-6a01ea7d7697,EURUSD,short,0.30000000000000004,1.15041,1.1535900000000001,2025-06-20T10:20:00,2025-06-20T12:30:00,-95.40000000000549,0.0,-98.40000000000549,3.0,0.0,1.15354,1.1443,loss,sl,ORB,0,130.0,-101597.4440894602,,2.0,London
5ceb9357-2624-4d26-84a3-a64267662218,EURUSD,long,0.2,1.1625500000000002,1.1715900000000004,2025-06-24T10:35:00,2025-06-25T23:05:00,180.80000000000317,0.0,177.80000000000317,3.0,0.0,1.15793,1.1716400000000005,win,tp,ORB,0,2190.0,195670.9956709868,,2.0,London
3e7bfe65-42f9-489c-9d48-61d9c8b0ef15,EURUSD,long,0.2,1.17514,1.1706499999999997,2025-06-30T11:15:00,2025-07-07T12:45:00,-89.80000000000655,0.0,-92.80000000000655,3.0,0.0,1.1706999999999999,1.1838700000000002,loss,sl,ORB,0,10170.0,-101126.12612612845,,2.0,London
7b07598a-5ff3-418b-9d1a-1fdc59f9e747,EURUSD,long,0.2,1.1678300000000001,1.17757,2025-07-21T10:00:00,2025-07-23T19:15:00,194.79999999999723,0.0,191.79999999999723,3.0,0.0,1.16286,1.1776200000000001,win,tp,ORB,0,3435.0,195975.85513077636,,2.0,London
13dd871a-70b4-471b-ab14-cdc9a1c85421,EURUSD,long,0.2,1.1778600000000001,1.1729299999999998,2025-07-24T10:40:00,2025-07-25T06:45:00,-98.60000000000646,0.0,-101.60000000000646,3.0,0.0,1.17298,1.1874700000000002,loss,sl,ORB,0,1205.0,-101024.59016393653,,2.0,London
fd9a074f-3e35-474d-9a71-1f22ce135591,EURUSD,long,0.30000000000000004,1.1735600000000002,1.1701799999999998,2025-07-25T10:20:00,2025-07-28T03:30:00,-101.40000000001149,0.0,-104.40000000001149,3.0,0.0,1.1702299999999999,1.1800700000000004,loss,sl,ORB,0,3910.0,-101501.50150150454,,2.0,London
2eac49e9-538d-4c82-96fe-bbfcbac690be,EURUSD,long,0.30000000000000004,1.1563100000000002,1.1632900000000002,2025-08-05T10:50:00,2025-08-06T09:15:00,209.39999999999958,0.0,206.39999999999958,3.0,0.0,1.15272,1.1633400000000003,win,tp,ORB,0,1345.0,194428.96935932,,2.0,London
c04308d7-56c7-4128-8fe6-05cf9682121b,EURUSD,long,0.4,1.1638600000000001,1.1680200000000003,2025-08-06T11:05:00,2025-08-07T03:35:00,166.40000000000657,0.0,163.40000000000657,3.0,0.0,1.1616799999999998,1.1680700000000004,win,tp,ORB,0,990.0,190825.6880733764,,2.0,London
3032dfb8-ff61-4824-94b3-50cb26832009,EURUSD,long,0.30000000000000004,1.16663,1.1627699999999999,2025-08-08T11:20:00,2025-08-11T07:40:00,-115.8000000000059,0.0,-118.8000000000059,3.0,0.0,1.16282,1.1741,loss,sl,ORB,0,4100.0,-101312.33595800797,,2.0,London
208a718a-1ea4-44ee-bb80-b81e2b94fc22,EURUSD,short,0.4,1.16061,1.1633900000000001,2025-08-11T10:00:00,2025-08-12T08:30:00,-111.20000000000908,0.0,-114.20000000000908,3.0,0.0,1.16334,1.1553,loss,sl,ORB,0,1350.0,-101831.50183150564,,2.0,London
0e679e7a-a2e0-44ef-92ba-d5d5aaedd8ea,EURUSD,long,0.2,1.1710800000000001,1.1664099999999997,2025-08-15T10:00:00,2025-08-18T10:45:00,-93.40000000000794,0.0,-96.40000000000794,3.0,0.0,1.1664599999999998,1.1801700000000004,loss,sl,ORB,0,4365.0,-101082.25108225331,,2.0,London
c1c63ac8-879f-404e-8356-5d856ad91d38,EURUSD,short,0.2,1.16132,1.1663600000000003,2025-08-21T11:40:00,2025-08-22T10:00:00,-100.80000000000756,0.0,-103.80000000000756,3.0,0.0,1.1663100000000002,1.1514899999999997,loss,sl,ORB,0,1340.0,-101002.0040080181,,2.0,London
efa27565-0da8-4748-8229-48893427faf9,EURUSD,short,0.30000000000000004,1.16845,1.1613700000000002,2025-08-25T11:05:00,2025-08-25T15:05:00,212.3999999999926,0.0,209.3999999999926,3.0,0.0,1.17209,1.1613200000000001,win,tp,ORB,0,240.0,194505.494505483,,2.0,London
8fdc56eb-ac68-4109-86f7-7a6e20f12a02,EURUSD,long,0.2,1.1698400000000002,1.1649699999999998,2025-08-29T10:30:00,2025-09-02T03:50:00,-97.40000000000748,0.0,-100.40000000000748,3.0,0.0,1.16502,1.1793300000000004,loss,sl,ORB,0,5360.0,-101037.34439834236,,2.0,London
8de3761b-8c20-441a-9fb3-5c6686395ff4,EURUSD,long,0.2,1.1728200000000002,1.1681399999999997,2025-09-10T10:55:00,2025-09-11T05:40:00,-93.60000000000923,0.0,-96.60000000000923,3.0,0.0,1.1681899999999998,1.1819300000000006,loss,sl,ORB,0,1125.0,-101079.91360691363,,2.0,London
03c115c2-63cf-47a2-8881-e201dae7a440,EURUSD,long,0.2,1.1703100000000002,1.1660499999999998,2025-09-26T10:40:00,2025-10-06T04:00:00,-85.20000000000749,0.0,-88.20000000000749,3.0,0.0,1.1661,1.1785800000000004,loss,sl,ORB,0,14000.0,-101187.64845605943,,2.0,London
8b2987b1-d9ff-4198-a05c-005ef2ba529f,EURUSD,short,0.2,1.1602899999999998,1.16457,2025-10-08T11:50:00,2025-10-08T21:30:00,-85.60000000000566,0.0,-88.60000000000566,3.0,0.0,1.16452,1.1519799999999998,loss,sl,ORB,0,580.0,-101182.03309692915,,2.0,London
275d4a08-d1f1-4736-bd8a-36ee6fb1c56d,EURUSD,long,0.2,1.15955,1.1557999999999997,2025-10-10T11:00:00,2025-10-13T10:55:00,-75.00000000000728,0.0,-78.00000000000728,3.0,0.0,1.1558499999999998,1.1668000000000003,loss,sl,ORB,0,4315.0,-101351.35135135408,,2.0,London
8a6539bd-ea25-44d1-aa16-f7c24e6f65cd,EURUSD,long,0.2,1.1592,1.1690399999999996,2025-10-14T11:10:00,2025-10-16T13:15:00,196.79999999999256,0.0,193.79999999999256,3.0,0.0,1.15418,1.1690899999999997,win,tp,ORB,0,3005.0,196015.93625497172,,2.0,London
abc4cd51-37ef-491e-9f7c-dc8af8031a34,EURUSD,short,0.30000000000000004,1.15997,1.1636300000000002,2025-10-21T10:40:00,2025-10-24T08:30:00,-109.80000000000656,0.0,-112.80000000000656,3.0,0.0,1.16358,1.1529,loss,sl,ORB,0,4190.0,-101385.04155124941,,2.0,London
d834e649-87d3-4231-8eda-aa0f181c9188,EURUSD,long,0.2,1.16666,1.1624499999999998,2025-10-28T10:00:00,2025-10-29T01:05:00,-84.20000000000539,0.0,-87.20000000000539,3.0,0.0,1.1624999999999999,1.17483,loss,sl,ORB,0,905.0,-101201.92307692557,,2.0,London
51c5470e-c6e8-4abd-846d-0a833b89aac1,EURUSD,long,0.2,1.16551,1.1617499999999998,2025-10-29T10:35:00,2025-10-29T13:35:00,-75.20000000000415,0.0,-78.20000000000415,3.0,0.0,1.1618,1.17278,loss,sl,ORB,0,180.0,-101347.7088948815,,2.0,London
5386758d-0698-4532-87ca-92ab537f05a8,EURUSD,short,0.30000000000000004,1.15526,1.1583900000000003,2025-11-10T10:30:00,2025-11-11T08:20:00,-93.90000000000899,0.0,-96.90000000000899,3.0,0.0,1.1583400000000001,1.1492499999999999,loss,sl,ORB,0,1310.0,-101623.37662337994,,2.0,London
3de94b0e-62bb-4b85-b097-67a51e65cead,EURUSD,long,0.30000000000000004,1.1589800000000001,1.1643000000000003,2025-11-12T10:50:00,2025-11-13T11:25:00,159.60000000000645,0.0,156.60000000000645,3.0,0.0,1.1562199999999998,1.1643500000000004,win,tp,ORB,0,1475.0,192753.62318839136,,2.0,London
7cceca4a-b72b-47a6-a0ab-4531e368a57a,EURUSD,short,0.2,1.1607299999999998,1.1515699999999998,2025-11-14T10:50:00,2025-11-19T21:05:00,183.20000000000115,0.0,180.20000000000115,3.0,0.0,1.16541,1.1515199999999997,win,tp,ORB,0,7815.0,195726.49572648693,,2.0,London
157f8a5e-0ac5-4b54-b069-26482869d7eb,EURUSD,long,0.2,1.1595000000000002,1.1690000000000003,2025-11-26T10:15:00,2025-12-10T15:05:00,190.00000000000128,0.0,187.00000000000128,3.0,0.0,1.15465,1.1690500000000004,win,tp,ORB,0,20450.0,195876.28865978532,,2.0,London
65c015ce-b19a-4d7d-8121-a2f475ab4b51,GBPUSD,long,0.30000000000000004,1.35627,1.3526599999999998,2022-01-05T10:20:00,2022-01-05T23:55:00,-108.30000000001006,0.0,-111.30000000001006,3.0,0.0,1.3527099999999999,1.3632400000000002,loss,sl,ORB,0,815.0,-101404.49438202532,,2.0,London
47789265-f86b-43ec-9d47-20ad061c14a3,GBPUSD,long,0.2,1.3573000000000002,1.3664000000000003,2022-01-07T10:50:00,2022-01-12T08:35:00,182.00000000000216,0.0,179.00000000000216,3.0,0.0,1.35265,1.3664500000000004,win,tp,ORB,0,7065.0,195698.92473117396,,2.0,London
2f72461e-20d8-407a-b86c-ccf822d7c49a,GBPUSD,long,0.30000000000000004,1.3692900000000001,1.36529,2022-01-12T10:20:00,2022-01-14T12:55:00,-120.00000000000676,0.0,-123.00000000000676,3.0,0.0,1.36534,1.37704,loss,sl,ORB,0,3035.0,-101265.82278481273,,2.0,London
26b1c779-e898-4b49-8937-b309399ec5c0,GBPUSD,short,0.2,1.3548699999999998,1.3459899999999998,2022-01-21T10:15:00,2022-01-24T10:00:00,177.59999999999997,0.0,174.59999999999997,3.0,0.0,1.35941,1.3459399999999997,win,tp,ORB,0,4305.0,195594.71365637856,,2.0,London
c7a0dec0-16a3-4066-93ef-2e6a08a78c14,GBPUSD,long,0.2,1.3585200000000002,1.3538299999999999,2022-02-16T10:35:00,2022-02-22T10:05:00,-93.8000000000061,0.0,-96.8000000000061,3.0,0.0,1.35388,1.3676500000000003,loss,sl,ORB,0,8610.0,-101077.58620689878,,2.0,London
dd591667-fbf6-4639-899e-38f3be0ca42c,GBPUSD,long,0.2,1.31488,1.3104999999999998,2022-03-31T10:40:00,2022-04-01T09:15:00,-87.60000000000547,0.0,-90.60000000000547,3.0,0.0,1.3105499999999999,1.32339,loss,sl,ORB,0,1355.0,-101154.73441108786,,2.0,London
bd423c39-ed43-44ea-b2c2-d0df6af7ce2a,GBPUSD,short,0.30000000000000004,1.30873,1.3116300000000003,2022-04-01T10:35:00,2022-04-03T21:35:00,-87.00000000001042,0.0,-90.00000000001042,3.0,0.0,1.3115800000000002,1.3031799999999998,loss,sl,ORB,0,3540.0,-101754.38596491584,,2.0,London
705229ab-1c68-480f-9b56-e920f71c4a8e,GBPUSD,short,0.2,1.3059699999999999,1.3107300000000002,2022-04-07T10:00:00,2022-04-13T13:20:00,-95.2000000000064,0.0,-98.2000000000064,3.0,0.0,1.31068,1.2966999999999997,loss,sl,ORB,0,8840.0,-101061.57112526758,,2.0,London
0fdf4668-4228-4d98-96fe-fb5cfd2d2edd,GBPUSD,short,0.2,1.3005,1.3045500000000003,2022-04-18T12:20:00,2022-04-19T23:25:00,-81.00000000000662,0.0,-84.00000000000662,3.0,0.0,1.3045000000000002,1.2926499999999999,loss,sl,ORB,0,2105.0,-101250.00000000256,,2.0,London
713021f8-999b-4c9d-9f99-0a2f7d379a09,GBPUSD,short,0.2,1.24565,1.2501000000000002,2022-05-20T11:05:00,2022-05-22T18:35:00,-89.00000000000574,0.0,-92.00000000000574,3.0,0.0,1.25005,1.2369999999999999,loss,sl,ORB,0,3330.0,-101136.36363636599,,2.0,London
13797ce5-2713-4be4-b297-809eb98852d5,GBPUSD,long,0.2,1.2656500000000002,1.2614899999999998,2022-05-30T11:20:00,2022-05-30T20:45:00,-83.20000000000772,0.0,-86.20000000000772,3.0,0.0,1.2615399999999999,1.2737200000000004,loss,sl,ORB,0,565.0,-101216.54501216793,,2.0,London
d3352532-4be7-4776-b7a3-9ab0a0b17185,GBPUSD,long,0.2,1.14049,1.13539,2022-09-19T10:35:00,2022-09-21T02:00:00,-102.0000000000021,0.0,-105.0000000000021,3.0,0.0,1.13544,1.1504399999999997,loss,sl,ORB,0,2365.0,-100990.09900990309,,2.0,London
8762abd2-c39a-4793-94a5-8e7c6219919d,GBPUSD,long,0.2,1.2361300000000002,1.2311599999999998,2023-01-19T10:05:00,2023-01-24T04:45:00,-99.40000000000725,0.0,-102.40000000000725,3.0,0.0,1.23121,1.2458200000000004,loss,sl,ORB,0,6880.0,-101016.26016260372,,2.0,London
71ed9224-01fa-4178-a897-08b20ab8b06d,GBPUSD,short,0.2,1.2303799999999998,1.2347600000000003,2023-02-01T11:45:00,2023-02-01T14:40:00,-87.6000000000099,0.0,-90.6000000000099,3.0,0.0,1.2347100000000002,1.2218699999999993,loss,sl,ORB,0,175.0,-101154.73441108779,,2.0,London
8adbba2d-0666-4600-b101-f9d11956bb9d,GBPUSD,short,0.30000000000000004,1.18125,1.18494,2023-03-08T10:15:00,2023-03-08T10:20:00,-110.70000000000582,0.0,-113.70000000000582,3.0,0.0,1.18489,1.17412,loss,sl,ORB,0,5.0,-101373.62637362923,,2.0,London
f2d538c0-3c79-47c2-b111-e429818abc9d,GBPUSD,long,0.2,1.24855,1.25755,2023-04-27T11:20:00,2023-04-28T12:00:00,179.99999999999795,0.0,176.99999999999795,3.0,0.0,1.24395,1.2576,win,tp,ORB,0,1480.0,195652.17391303446,,2.0,London
eeccfb58-1d31-4396-8a09-50f24d77f078,GBPUSD,short,0.2,1.2511899999999998,1.2558100000000003,2023-05-01T10:30:00,2023-05-03T15:00:00,-92.40000000001027,0.0,-95.40000000001027,3.0,0.0,1.2557600000000002,1.2421999999999993,loss,sl,ORB,0,3150.0,-101094.09190372215,,2.0,London
5a29ef95-8c23-4629-b9c2-982d411204c5,GBPUSD,long,0.2,1.2594400000000001,1.2547499999999998,2023-05-04T12:35:00,2023-05-11T10:00:00,-93.8000000000061,0.0,-96.8000000000061,3.0,0.0,1.2548,1.2685700000000002,loss,sl,ORB,0,9925.0,-101077.58620689878,,2.0,London
40d6d2e2-84cd-4995-8a9e-d98208aff47e,GBPUSD,short,0.2,1.27944,1.2723799999999998,2023-06-19T11:30:00,2023-06-20T10:00:00,141.20000000000132,0.0,138.20000000000132,3.0,0.0,1.2830700000000002,1.2723299999999997,win,tp,ORB,0,1350.0,194490.3581267105,,2.0,London
724e9c2f-56dd-40ba-9b33-4fc27a42c6e0,GBPUSD,long,0.2,1.29264,1.2879999999999998,2023-07-26T11:10:00,2023-07-27T09:05:00,-92.80000000000399,0.0,-95.80000000000399,3.0,0.0,1.28805,1.3016699999999999,loss,sl,ORB,0,1315.0,-101089.32461873865,,2.0,London
bb313939-157e-4bb3-aa47-c9d6fac376cf,GBPUSD,short,0.2,1.2464899999999999,1.2510700000000001,2023-09-08T12:25:00,2023-09-11T00:40:00,-91.60000000000502,0.0,-94.60000000000502,3.0,0.0,1.25102,1.23758,loss,sl,ORB,0,3615.0,-101103.7527593842,,2.0,London
d10c5428-d3d4-48f2-81ad-89515b44b7a8,GBPUSD,long,0.2,1.2543900000000001,1.2499599999999997,2023-09-11T10:15:00,2023-09-12T02:30:00,-88.60000000000755,0.0,-91.60000000000755,3.0,0.0,1.2500099999999998,1.2630000000000003,loss,sl,ORB,0,975.0,-101141.55251141785,,2.0,London
ca59a4ee-3039-4597-bb47-30c55f2bf42b,GBPUSD,short,0.30000000000000004,1.21653,1.2197000000000002,2023-09-26T11:00:00,2023-09-28T05:40:00,-95.1000000000102,0.0,-98.1000000000102,3.0,0.0,1.2196500000000001,1.2104399999999997,loss,sl,ORB,0,2560.0,-101602.56410256737,,2.0,London
8279651c-5e5c-4311-a094-9fb86b363f91,GBPUSD,long,0.2,1.2190400000000001,1.2141299999999997,2023-10-16T10:40:00,2023-10-17T08:30:00,-98.20000000000829,0.0,-101.20000000000829,3.0,0.0,1.2141799999999998,1.2286100000000004,loss,sl,ORB,0,1310.0,-101028.80658436424,,2.0,London
ff9ac025-fc69-445b-9301-2a37bb9e968e,GBPUSD,long,0.2,1.2172500000000002,1.2131599999999998,2023-10-17T10:10:00,2023-10-18T21:40:00,-81.80000000000742,0.0,-84.80000000000742,3.0,0.0,1.21321,1.2251800000000004,loss,sl,ORB,0,2130.0,-101237.62376237876,,2.0,London
9f94e2e6-adf6-4707-b432-4d7a372f32ec,GBPUSD,long,0.2,1.22899,1.2240399999999998,2023-11-08T12:10:00,2023-11-09T13:00:00,-99.00000000000465,0.0,-102.00000000000465,3.0,0.0,1.22409,1.23864,loss,sl,ORB,0,1490.0,-101020.40816326744,,2.0,London
97796764-17f4-45e4-b8c2-09b3c7bc5ede,GBPUSD,short,0.2,1.21918,1.2238600000000002,2023-11-10T10:00:00,2023-11-13T01:45:00,-93.6000000000048,0.0,-96.6000000000048,3.0,0.0,1.22381,1.21007,loss,sl,ORB,0,3825.0,-101079.9136069137,,2.0,London
08ae9295-bb95-499b-949b-9ee44bf60f3b,GBPUSD,long,0.30000000000000004,1.22567,1.2310699999999999,2023-11-13T10:50:00,2023-11-14T08:30:00,161.9999999999955,0.0,158.9999999999955,3.0,0.0,1.22287,1.23112,win,tp,ORB,0,1300.0,192857.14285712814,,2.0,London
531d9b8a-0804-4a78-a9e7-5768156ba7f1,GBPUSD,short,0.2,1.2600699999999998,1.2645000000000002,2023-11-27T12:20:00,2023-11-28T08:40:00,-88.60000000000755,0.0,-91.60000000000755,3.0,0.0,1.26445,1.2514599999999996,loss,sl,ORB,0,1220.0,-101141.55251141785,,2.0,London
112ec199-9f47-4266-b9e8-e0fd67194888,GBPUSD,long,0.30000000000000004,1.2666600000000001,1.2730600000000003,2023-11-28T10:00:00,2023-11-28T20:15:00,192.0000000000055,0.0,189.0000000000055,3.0,0.0,1.2633599999999998,1.2731100000000004,win,tp,ORB,0,615.0,193939.3939393817,,2.0,London
89c344fb-f180-41d5-90cc-f279c0e876d0,GBPUSD,short,0.2,1.26646,1.2714300000000003,2023-11-29T10:15:00,2023-11-29T13:45:00,-99.40000000000725,0.0,-102.40000000000725,3.0,0.0,1.2713800000000002,1.2567699999999997,loss,sl,ORB,0,210.0,-101016.26016260372,,2.0,London
7c5dfa47-b8b5-4f6b-aa2d-57c262e632d2,GBPUSD,short,0.2,1.2595999999999998,1.2646100000000002,2023-12-05T12:05:00,2023-12-13T21:10:00,-100.20000000000806,0.0,-103.20000000000806,3.0,0.0,1.2645600000000001,1.2498299999999996,loss,sl,ORB,0,12065.0,-101008.0645161311,,2.0,London
9d27b634-0826-42e5-892a-1c2f38d0beb3,GBPUSD,short,0.2,1.2702499999999999,1.2751500000000002,2024-01-09T10:45:00,2024-01-10T19:45:00,-98.00000000000696,0.0,-101.00000000000696,3.0,0.0,1.2751000000000001,1.2606999999999997,loss,sl,ORB,0,1980.0,-101030.92783505366,,2.0,London
3657173e-1bc2-423a-b3cb-ced46d09b1b5,GBPUSD,short,0.2,1.26965,1.2743400000000003,2024-01-25T10:45:00,2024-01-26T06:10:00,-93.8000000000061,0.0,-96.8000000000061,3.0,0.0,1.2742900000000001,1.2605199999999999,loss,sl,ORB,0,1165.0,-101077.58620689878,,2.0,London
073f9dd6-fea9-4ec2-bdf6-6fa5afd6960e,GBPUSD,short,0.2,1.2722499999999999,1.26521,2024-01-26T10:50:00,2024-01-30T10:10:00,140.7999999999987,0.0,137.7999999999987,3.0,0.0,1.27587,1.2651599999999998,win,tp,ORB,0,5720.0,194475.13812153557,,2.0,London
0dfbfe6c-1ff5-426f-8d9a-414603350362,GBPUSD,long,0.2,1.25814,1.26714,2024-02-06T10:10:00,2024-02-13T06:05:00,179.99999999999795,0.0,176.99999999999795,3.0,0.0,1.2535399999999999,1.26719,win,tp,ORB,0,9835.0,195652.17391303446,,2.0,London
d598b80b-a172-4f4a-ad6c-18cdea4362b6,GBPUSD,short,0.2,1.2589599999999999,1.2630500000000002,2024-02-19T10:25:00,2024-02-20T08:40:00,-81.80000000000742,0.0,-84.80000000000742,3.0,0.0,1.2630000000000001,1.2510299999999996,loss,sl,ORB,0,1335.0,-101237.62376237876,,2.0,London
e589cb4b-8e31-4ec9-9fb1-226ee81a7c90,GBPUSD,long,0.2,1.26655,1.2622899999999997,2024-02-20T10:25:00,2024-02-20T13:35:00,-85.20000000000749,0.0,-88.20000000000749,3.0,0.0,1.2623399999999998,1.2748200000000003,loss,sl,ORB,0,190.0,-101187.64845605943,,2.0,London
70778bcf-30c1-464f-9e71-3ec394c38b68,GBPUSD,short,0.2,1.26633,1.2697500000000002,2024-02-27T10:30:00,2024-03-04T10:40:00,-68.40000000000401,0.0,-71.40000000000401,3.0,0.0,1.2697,1.25974,loss,sl,ORB,0,8650.0,-101483.67952522563,,2.0,London
541ea7da-e17f-4079-b301-cfb3d0370a8f,GBPUSD,long,0.2,1.2717,1.28078,2024-03-05T10:05:00,2024-03-07T13:45:00,181.59999999999957,0.0,178.59999999999957,3.0,0.0,1.2670599999999999,1.2808300000000001,win,tp,ORB,0,3100.0,195689.65517240492,,2.0,London
6a7ed486-3f04-4988-bbfb-5fd80fbde55d,GBPUSD,short,0.30000000000000004,1.2731999999999999,1.268,2024-03-15T10:45:00,2024-03-19T04:25:00,155.99999999999616,0.0,152.99999999999616,3.0,0.0,1.2759,1.26795,win,tp,ORB,0,5380.0,192592.59259257736,,2.0,London
3f8cf41b-a249-4ff8-9f2d-c3c7eda2658a,GBPUSD,long,0.2,1.27173,1.2666399999999998,2024-03-19T11:10:00,2024-03-21T10:15:00,-101.80000000000521,0.0,-104.80000000000521,3.0,0.0,1.2666899999999999,1.28166,loss,sl,ORB,0,2825.0,-100992.06349206553,,2.0,London
aad0c426-4e65-421d-a1b7-b48104fb4caf,GBPUSD,long,0.2,1.25964,1.2664,2024-04-03T10:00:00,2024-04-04T03:30:00,135.19999999999754,0.0,132.19999999999754,3.0,0.0,1.25616,1.26645,win,tp,ORB,0,1050.0,194252.87356320652,,2.0,London
688714e5-8f61-436b-a331-5df2901c7c72,GBPUSD,long,0.2,1.26503,1.2611999999999999,2024-04-08T11:25:00,2024-04-10T08:35:00,-76.60000000000444,0.0,-79.60000000000444,3.0,0.0,1.26125,1.27244,loss,sl,ORB,0,2710.0,-101322.75132275406,,2.0,London
2741ef84-c074-4b33-9f7e-2a299b81a233,GBPUSD,short,0.2,1.2450199999999998,1.2354999999999996,2024-04-15T10:40:00,2024-04-22T03:35:00,190.40000000000393,0.0,187.40000000000393,3.0,0.0,1.24988,1.2354499999999995,win,tp,ORB,0,9655.0,195884.77366254304,,2.0,London
13b4f654-91f5-4224-86c7-ce846e1d3941,GBPUSD,short,0.2,1.24949,1.2541900000000001,2024-04-26T10:10:00,2024-04-29T00:35:00,-94.00000000000297,0.0,-97.00000000000297,3.0,0.0,1.25414,1.2403400000000002,loss,sl,ORB,0,3745.0,-101075.26881720655,,2.0,London
e0fa7bcf-13a9-4f5a-83c9-3460c21d5dac,GBPUSD,long,0.2,1.2548400000000002,1.2506199999999998,2024-04-29T10:55:00,2024-04-30T08:30:00,-84.40000000000668,0.0,-87.40000000000668,3.0,0.0,1.25067,1.2630300000000003,loss,sl,ORB,0,1295.0,-101199.04076738853,,2.0,London
1079df40-d60c-4334-af97-a7c489328c26,GBPUSD,short,0.2,1.25016,1.2542100000000003,2024-04-30T12:30:00,2024-05-01T14:45:00,-81.00000000000662,0.0,-84.00000000000662,3.0,0.0,1.2541600000000002,1.2423099999999998,loss,sl,ORB,0,1575.0,-101250.00000000256,,2.0,London
e1e570d3-391b-408d-b44d-5f233bf45e7e,GBPUSD,short,0.2,1.2527599999999999,1.2454399999999999,2024-05-07T12:45:00,2024-05-09T07:00:00,146.39999999999986,0.0,143.39999999999986,3.0,0.0,1.25652,1.2453899999999998,win,tp,ORB,0,2535.0,194680.85106381885,,2.0,London
c2ccf780-cb4c-4158-be5f-f3eafdd0d21b,GBPUSD,short,0.30000000000000004,1.25125,1.2542000000000002,2024-05-10T10:15:00,2024-05-13T07:15:00,-88.50000000000692,0.0,-91.50000000000692,3.0,0.0,1.25415,1.2456,loss,sl,ORB,0,4140.0,-101724.13793103806,,2.0,London
39106d12-89df-4a69-8259-d237005df24c,GBPUSD,long,0.30000000000000004,1.2568100000000002,1.2537399999999999,2024-05-13T10:40:00,2024-05-14T04:05:00,-92.10000000001052,0.0,-95.10000000001052,3.0,0.0,1.25379,1.2627000000000004,loss,sl,ORB,0,1045.0,-101655.62913907622,,2.0,London
395770df-62d5-4e36-a841-a98e82412e5c,GBPUSD,long,0.2,1.26801,1.27499,2024-05-17T10:00:00,2024-05-22T02:05:00,139.5999999999997,0.0,136.5999999999997,3.0,0.0,1.2644199999999999,1.2750400000000002,win,tp,ORB,0,6725.0,194428.96935932,,2.0,London
4f74ca98-49cc-43d9-9c70-0f8ed6710a71,GBPUSD,long,0.2,1.27759,1.2732699999999997,2024-05-27T10:40:00,2024-05-29T09:30:00,-86.40000000000647,0.0,-89.40000000000647,3.0,0.0,1.2733199999999998,1.2859800000000001,loss,sl,ORB,0,2810.0,-101170.96018735605,,2.0,London
f07e2763-0d67-490a-9c59-a8fbf730847f,GBPUSD,short,0.5,1.2723,1.2689400000000002,2024-05-29T10:20:00,2024-05-30T01:30:00,167.9999999999904,0.0,164.9999999999904,3.0,0.0,1.27408,1.26889,win,tp,ORB,0,910.0,188764.04494379726,,2.0,London
49269e29-7841-46ba-8981-f0b6175ccbce,GBPUSD,short,0.2,1.27599,1.2796100000000001,2024-06-05T10:10:00,2024-06-05T20:05:00,-72.40000000000357,0.0,-75.40000000000357,3.0,0.0,1.27956,1.2690000000000001,loss,sl,ORB,0,595.0,-101400.56022409257,,2.0,London
374bbb90-e77c-4797-9c4d-2fd61cc1d9de,GBPUSD,long,0.2,1.2730000000000001,1.28138,2024-06-10T11:35:00,2024-06-12T08:30:00,167.59999999999664,0.0,164.59999999999664,3.0,0.0,1.26871,1.28143,win,tp,ORB,0,2695.0,195337.99533798563,,2.0,London
246c02b1-2261-4f19-a2ca-a9a2f70c11e4,GBPUSD,short,0.2,1.27605,1.26679,2024-06-13T10:45:00,2024-06-14T09:20:00,185.19999999999646,0.0,182.19999999999646,3.0,0.0,1.28078,1.26674,win,tp,ORB,0,1355.0,195771.670190266,,2.0,London
a397c030-da5a-4cb6-afa9-38d93189bbf1,GBPUSD,long,0.4,1.2677800000000001,1.2718800000000003,2024-06-14T11:10:00,2024-06-18T10:25:00,164.0000000000086,0.0,161.0000000000086,3.0,0.0,1.2656299999999998,1.2719300000000004,win,tp,ORB,0,5715.0,190697.67441858642,,2.0,London
50885ca6-f24b-4653-a5c7-61396ce621b3,GBPUSD,short,0.2,1.26735,1.2715700000000003,2024-06-20T11:35:00,2024-07-03T08:20:00,-84.40000000000668,0.0,-87.40000000000668,3.0,0.0,1.2715200000000002,1.2591599999999998,loss,sl,ORB,0,18525.0,-101199.04076738853,,2.0,London
7d2bcb78-5df8-42dc-bb95-db433272c280,GBPUSD,long,0.2,1.27576,1.2854199999999998,2024-07-03T12:30:00,2024-07-10T20:00:00,193.1999999999956,0.0,190.1999999999956,3.0,0.0,1.27083,1.28547,win,tp,ORB,0,10530.0,195943.20486814567,,2.0,London
ce5ffa47-d458-4896-9d54-f33cdb73ef48,GBPUSD,short,0.2,1.2969899999999999,1.2890899999999996,2024-07-18T10:00:00,2024-07-23T06:20:00,158.0000000000048,0.0,155.0000000000048,3.0,0.0,1.3010400000000002,1.2890399999999995,win,tp,ORB,0,6980.0,195061.7283950517,,2.0,London
0c85b4a3-5def-4dcd-a3ee-8d3c7cc28272,GBPUSD,short,0.4,1.2853299999999999,1.2874800000000002,2024-07-26T10:20:00,2024-07-26T12:50:00,-86.00000000001273,0.0,-89.00000000001273,3.0,0.0,1.28743,1.2812799999999998,loss,sl,ORB,0,150.0,-102380.95238095715,,2.0,London
9f753ecf-d810-4921-8a7a-51a78edd7e39,GBPUSD,short,0.2,1.2820099999999999,1.27329,2024-07-30T10:10:00,2024-08-01T14:25:00,174.3999999999968,0.0,171.3999999999968,3.0,0.0,1.28647,1.27324,win,tp,ORB,0,3135.0,195515.69506725526,,2.0,London
26e7af34-4364-46f7-bff4-6f8d6d1a80b2,GBPUSD,long,0.2,1.2714,1.28114,2024-08-08T10:55:00,2024-08-13T03:55:00,194.79999999999723,0.0,191.79999999999723,3.0,0.0,1.26643,1.28119,win,tp,ORB,0,6780.0,195975.85513077636,,2.0,London
ce290325-a9dd-4512-b152-db786bd85f02,GBPUSD,long,0.2,1.28255,1.2917299999999998,2024-08-13T11:05:00,2024-08-16T12:30:00,183.5999999999949,0.0,180.5999999999949,3.0,0.0,1.27786,1.29178,win,tp,ORB,0,4405.0,195735.60767589728,,2.0,London
5a3144f6-576a-4430-be9a-2c78319ec367,GBPUSD,long,0.30000000000000004,1.2977200000000002,1.3051400000000004,2024-08-19T10:20:00,2024-08-20T10:50:00,222.60000000000613,0.0,219.60000000000613,3.0,0.0,1.29391,1.3051900000000005,win,tp,ORB,0,1470.0,194750.65616796835,,2.0,London
b23771dd-7125-4939-bd1e-cd71ed5776e0,GBPUSD,long,0.2,1.3058100000000001,1.3152500000000003,2024-08-21T10:00:00,2024-08-23T10:00:00,188.80000000000229,0.0,185.80000000000229,3.0,0.0,1.3009899999999999,1.3153000000000004,win,tp,ORB,0,2880.0,195850.62240663046,,2.0,London
d54f628e-e821-4780-8de6-1b8de8703636,GBPUSD,long,0.4,1.31528,1.31262,2024-09-02T10:50:00,2024-09-03T00:05:00,-106.40000000000428,0.0,-109.40000000000428,3.0,0.0,1.31267,1.3203499999999997,loss,sl,ORB,0,795.0,-101915.7088122646,,2.0,London
717e4968-cbd3-46e7-a9d5-045cbf9941db,GBPUSD,short,0.2,1.3102399999999998,1.3146900000000001,2024-09-03T10:10:00,2024-09-04T10:00:00,-89.00000000000574,0.0,-92.00000000000574,3.0,0.0,1.31464,1.3015899999999998,loss,sl,ORB,0,1430.0,-101136.36363636599,,2.0,London
3946cc47-cf35-4be8-ad0b-4f44d48ca06f,GBPUSD,short,0.2,1.3069499999999998,1.3119000000000003,2024-09-09T10:40:00,2024-09-12T15:35:00,-99.0000000000091,0.0,-102.0000000000091,3.0,0.0,1.3118500000000002,1.2972999999999995,loss,sl,ORB,0,4615.0,-101020.40816326739,,2.0,London
ce017745-d431-4514-95ad-e95455b80f43,GBPUSD,long,0.2,1.3157,1.3241200000000002,2024-09-13T10:40:00,2024-09-18T09:10:00,168.4000000000019,0.0,165.4000000000019,3.0,0.0,1.3113899999999998,1.3241700000000003,win,tp,ORB,0,7110.0,195359.62877029213,,2.0,London
6ff6168b-0509-4953-a3ec-78cf4352afc1,GBPUSD,short,0.30000000000000004,1.32225,1.3254900000000003,2024-09-18T10:15:00,2024-09-18T14:00:00,-97.20000000001062,0.0,-100.20000000001062,3.0,0.0,1.3254400000000002,1.3160199999999997,loss,sl,ORB,0,225.0,-101567.39811912543,,2.0,London
7aa266b5-f083-4bc2-afc7-3f23ef1c06d6,GBPUSD,short,0.30000000000000004,1.30073,1.29389,2024-10-21T10:20:00,2024-10-23T11:40:00,205.19999999999874,0.0,202.19999999999874,3.0,0.0,1.3042500000000001,1.2938399999999999,win,tp,ORB,0,2960.0,194318.18181817012,,2.0,London
39ac57d4-74fb-43d5-9eac-6bd88ab42e0e,GBPUSD,long,0.2,1.3006900000000001,1.2963699999999998,2024-10-29T11:00:00,2024-10-30T06:50:00,-86.40000000000647,0.0,-89.40000000000647,3.0,0.0,1.29642,1.3090800000000002,loss,sl,ORB,0,1190.0,-101170.96018735605,,2.0,London
57d76e90-6f2e-4e89-8190-0921dfc8fc6f,GBPUSD,long,0.2,1.29926,1.2943899999999997,2024-11-04T10:35:00,2024-11-04T11:50:00,-97.40000000000748,0.0,-100.40000000000748,3.0,0.0,1.2944399999999998,1.3087500000000003,loss,sl,ORB,0,75.0,-101037.34439834236,,2.0,London
45de8de5-389d-4248-a294-ce5df7a3a927,GBPUSD,short,0.2,1.2926799999999998,1.2828999999999997,2024-11-08T11:15:00,2024-11-12T01:00:00,195.60000000000244,0.0,192.60000000000244,3.0,0.0,1.29767,1.2828499999999996,win,tp,ORB,0,5145.0,195991.98396792763,,2.0,London
f00eb970-fa06-4bee-9e3d-e38ad3cce733,GBPUSD,long,0.30000000000000004,1.2642600000000002,1.2701000000000002,2024-11-18T10:50:00,2024-11-20T02:00:00,175.20000000000203,0.0,172.20000000000203,3.0,0.0,1.26124,1.2701500000000003,win,tp,ORB,0,2350.0,193377.48344369515,,2.0,London
2ff17822-c04d-4505-9dfe-82073aa57dc9,GBPUSD,short,0.30000000000000004,1.26168,1.2537200000000002,2024-11-21T10:55:00,2024-11-22T04:05:00,238.7999999999924,0.0,235.7999999999924,3.0,0.0,1.26576,1.25367,win,tp,ORB,0,1030.0,195098.03921567605,,2.0,London
d7a9ecef-8795-433c-9965-b348d84652bb,GBPUSD,long,0.30000000000000004,1.26801,1.2643699999999998,2024-11-28T10:00:00,2024-12-02T09:50:00,-109.20000000000931,0.0,-112.20000000000931,3.0,0.0,1.2644199999999999,1.2750400000000002,loss,sl,ORB,0,5750.0,-101392.75766017,,2.0,London
9492d49b-5d43-4feb-9540-e84ae2185dee,GBPUSD,short,0.5,1.2628,1.2651100000000002,2024-12-02T10:00:00,2024-12-02T11:25:00,-115.50000000001282,0.0,-118.50000000001282,3.0,0.0,1.26506,1.25843,loss,sl,ORB,0,85.0,-102212.3893805355,,2.0,London
b5e13e2b-dba3-47e2-b031-46fd27bfa35f,GBPUSD,short,0.30000000000000004,1.27293,1.2766600000000001,2024-12-10T10:00:00,2024-12-10T13:50:00,-111.90000000000701,0.0,-114.90000000000701,3.0,0.0,1.27661,1.26572,loss,sl,ORB,0,230.0,-101358.69565217673,,2.0,London
47a50629-e86c-4e90-983e-0754ccb49eeb,GBPUSD,long,0.2,1.2677200000000002,1.26283,2024-12-16T10:25:00,2024-12-18T14:30:00,-97.80000000000565,0.0,-100.80000000000565,3.0,0.0,1.26288,1.2772500000000002,loss,sl,ORB,0,3125.0,-101033.0578512418,,2.0,London
0f2b4b06-06f7-420b-87d3-8dfb24e05424,GBPUSD,short,0.2,1.25256,1.2575500000000002,2024-12-24T12:20:00,2024-12-27T09:45:00,-99.80000000000544,0.0,-102.80000000000544,3.0,0.0,1.2575,1.2428299999999999,loss,sl,ORB,0,4165.0,-101012.14574898995,,2.0,London
ea1759d6-2bf4-4a07-9733-3680b4002121,GBPUSD,short,0.8,1.25646,1.2578100000000003,2024-12-27T10:10:00,2024-12-27T10:40:00,-108.00000000003251,0.0,-111.00000000003251,3.0,0.0,1.2577600000000002,1.2540099999999996,loss,sl,ORB,0,30.0,-103846.15384616106,,2.0,London
6b66dfda-a887-4d05-9bcd-d5558054db89,GBPUSD,long,0.30000000000000004,1.2417200000000002,1.2478400000000003,2025-01-03T11:30:00,2025-01-06T03:30:00,183.60000000000377,0.0,180.60000000000377,3.0,0.0,1.2385599999999999,1.2478900000000004,win,tp,ORB,0,3840.0,193670.88607593655,,2.0,London
a2e5e8ad-99b4-4047-a372-98c76f284909,GBPUSD,long,0.2,1.2340300000000002,1.2433900000000002,2025-01-23T11:20:00,2025-01-24T04:20:00,187.20000000000073,0.0,184.20000000000073,3.0,0.0,1.22925,1.2434400000000003,win,tp,ORB,0,1020.0,195815.89958158135,,2.0,London
a1f2c1d0-ea04-4761-9f68-be873ab37352,GBPUSD,long,0.4,1.2608100000000002,1.2582099999999998,2025-02-17T11:00:00,2025-02-18T08:10:00,-104.00000000001519,0.0,-107.00000000001519,3.0,0.0,1.25826,1.2657600000000004,loss,sl,ORB,0,1270.0,-101960.78431372941,,2.0,London
3f5ea4ae-1863-456e-ac55-5ba3df139af7,GBPUSD,long,0.30000000000000004,1.26126,1.2580699999999998,2025-02-18T10:10:00,2025-02-19T06:40:00,-95.70000000000746,0.0,-98.70000000000746,3.0,0.0,1.25812,1.26739,loss,sl,ORB,0,1230.0,-101592.35668790138,,2.0,London
7bb8568a-c410-45b3-a5db-e5476f1e6aa1,GBPUSD,long,0.30000000000000004,1.26035,1.2573899999999998,2025-02-19T10:30:00,2025-02-19T11:20:00,-88.80000000000888,0.0,-91.80000000000888,3.0,0.0,1.25744,1.2660200000000001,loss,sl,ORB,0,50.0,-101718.21305842274,,2.0,London
fe3cb0e6-e6a5-4997-9d95-5b302b24591d,GBPUSD,long,0.30000000000000004,1.26262,1.27,2025-02-20T10:10:00,2025-02-26T11:10:00,221.39999999999827,0.0,218.39999999999827,3.0,0.0,1.25883,1.2700500000000001,win,tp,ORB,0,8700.0,194722.95514510782,,2.0,London
2f1c949d-d8ee-4c45-b237-21c44c4645dd,GBPUSD,long,0.30000000000000004,1.2611,1.2576399999999999,2025-02-28T10:05:00,2025-02-28T13:15:00,-103.80000000000723,0.0,-106.80000000000723,3.0,0.0,1.25769,1.26777,loss,sl,ORB,0,190.0,-101466.2756598271,,2.0,London
387a6913-d9bb-4279-b1b0-7fdb2dd96fe0,GBPUSD,short,0.2,1.29121,1.2954700000000001,2025-03-14T10:50:00,2025-03-17T04:40:00,-85.20000000000306,0.0,-88.20000000000306,3.0,0.0,1.29542,1.2829400000000002,loss,sl,ORB,0,3950.0,-101187.64845605951,,2.0,London
5f2e4394-89b7-4b2f-aa1d-caa5b3894d15,GBPUSD,long,0.30000000000000004,1.29844,1.2949099999999998,2025-03-17T10:00:00,2025-03-20T04:25:00,-105.90000000000765,0.0,-108.90000000000765,3.0,0.0,1.2949599999999999,1.30525,loss,sl,ORB,0,3985.0,-101436.78160919835,,2.0,London
68550e01-eea2-4d5d-b42b-717f681a076f,GBPUSD,short,0.30000000000000004,1.29191,1.2956200000000002,2025-03-21T10:45:00,2025-03-24T03:20:00,-111.30000000000973,0.0,-114.30000000000973,3.0,0.0,1.29557,1.2847399999999998,loss,sl,ORB,0,3875.0,-101366.12021858203,,2.0,London
f488468b-5199-4ea3-9112-2f2dba65ebcc,GBPUSD,short,0.2,1.32483,1.3292700000000002,2025-04-16T10:05:00,2025-04-18T16:10:00,-88.80000000000445,0.0,-91.80000000000445,3.0,0.0,1.32922,1.3162,loss,sl,ORB,0,3245.0,-101138.9521640115,,2.0,London
e8958705-6d43-4009-910e-292b8a531158,GBPUSD,short,0.30000000000000004,1.35397,1.34653,2025-06-17T10:05:00,2025-06-17T13:15:00,223.19999999999675,0.0,220.19999999999675,3.0,0.0,1.35779,1.34648,win,tp,ORB,0,190.0,194764.3979057483,,2.0,London
6ef91c50-4b22-41bc-828e-1bed63bed7c1,GBPUSD,long,0.2,1.36359,1.37261,2025-06-25T12:00:00,2025-06-26T03:05:00,180.40000000000055,0.0,177.40000000000055,3.0,0.0,1.3589799999999999,1.3726600000000002,win,tp,ORB,0,905.0,195661.6052060648,,2.0,London
f63249a4-1bbe-4926-bccb-8fe1c47301cd,GBPUSD,short,0.2,1.3707099999999999,1.3753200000000003,2025-06-27T10:20:00,2025-07-01T03:10:00,-92.20000000000894,0.0,-95.20000000000894,3.0,0.0,1.3752700000000002,1.3617399999999995,loss,sl,ORB,0,5330.0,-101096.49122807241,,2.0,London
06fda51f-f818-47e3-a6a7-5b834effdf33,GBPUSD,short,0.2,1.3446999999999998,1.3494200000000003,2025-07-14T10:50:00,2025-07-21T10:30:00,-94.40000000001004,0.0,-97.40000000001004,3.0,0.0,1.3493700000000002,1.3355099999999993,loss,sl,ORB,0,10060.0,-101070.66381156533,,2.0,London
074e5d97-8911-4401-aee6-44242bde964d,GBPUSD,long,0.2,1.35061,1.3460499999999997,2025-07-22T10:50:00,2025-07-25T04:10:00,-91.20000000000682,0.0,-94.20000000000682,3.0,0.0,1.3460999999999999,1.3594800000000002,loss,sl,ORB,0,3920.0,-101108.64745011313,,2.0,London
a4f9933b-a69d-454f-b610-314085024f8e,GBPUSD,short,0.30000000000000004,1.3401399999999999,1.3325799999999997,2025-07-28T11:10:00,2025-07-29T02:55:00,226.800000000007,0.0,223.800000000007,3.0,0.0,1.3440200000000002,1.3325299999999995,win,tp,ORB,0,945.0,194845.3608247318,,2.0,London
73940323-7a59-4962-b036-876f28d54f98,GBPUSD,long,0.2,1.33,1.33804,2025-08-05T11:00:00,2025-08-07T07:00:00,160.79999999999652,0.0,157.79999999999652,3.0,0.0,1.32588,1.33809,win,tp,ORB,0,2640.0,195145.63106795106,,2.0,London
9e9727a7-7b30-49e0-9775-aeac25840bdb,GBPUSD,short,0.30000000000000004,1.3529099999999998,1.3461899999999998,2025-08-18T10:35:00,2025-08-20T10:25:00,201.6000000000018,0.0,198.6000000000018,3.0,0.0,1.35637,1.3461399999999997,win,tp,ORB,0,2870.0,194219.65317917897,,2.0,London
d68fbab7-7c82-4fa2-a725-ab81ff6716fb,GBPUSD,long,0.2,1.34664,1.3415499999999998,2025-08-27T11:55:00,2025-09-02T03:50:00,-101.80000000000521,0.0,-104.80000000000521,3.0,0.0,1.3416,1.35657,loss,sl,ORB,0,8155.0,-100992.06349206553,,2.0,London
bf04697a-612e-4896-b3a1-62014e40f289,GBPUSD,short,0.2,1.3542999999999998,1.35912,2025-09-09T10:00:00,2025-09-15T03:35:00,-96.40000000000538,0.0,-99.40000000000538,3.0,0.0,1.35907,1.3449099999999998,loss,sl,ORB,0,8255.0,-101048.21802935228,,2.0,London
bbcda0a7-ab70-4597-b5fb-de12cbe3b74b,GBPUSD,long,0.2,1.3663800000000001,1.3618499999999998,2025-09-16T10:05:00,2025-09-17T17:00:00,-90.60000000000736,0.0,-93.60000000000736,3.0,0.0,1.3618999999999999,1.3751900000000004,loss,sl,ORB,0,1855.0,-101116.07142857373,,2.0,London
74bb1cb6-6a5f-4386-93b3-2c63aef05938,GBPUSD,long,0.2,1.33918,1.3488399999999998,2025-09-26T10:05:00,2025-10-01T08:15:00,193.1999999999956,0.0,190.1999999999956,3.0,0.0,1.33425,1.34889,win,tp,ORB,0,7090.0,195943.20486814567,,2.0,London
a8a35cdb-391c-4f4d-ba7c-1ceee6fa1699,GBPUSD,long,0.2,1.3472300000000001,1.3427799999999999,2025-10-03T10:55:00,2025-10-05T18:10:00,-89.00000000000574,0.0,-92.00000000000574,3.0,0.0,1.34283,1.3558800000000002,loss,sl,ORB,0,3315.0,-101136.36363636599,,2.0,London
2c0500fc-6123-429e-8cfd-acdc3e9327d7,GBPUSD,long,0.2,1.34335,1.3382899999999998,2025-10-08T10:10:00,2025-10-08T12:05:00,-101.20000000000573,0.0,-104.20000000000573,3.0,0.0,1.3383399999999999,1.35322,loss,sl,ORB,0,115.0,-100998.00399201803,,2.0,London
ed688f76-d758-40f8-b070-16378db873de,GBPUSD,long,0.30000000000000004,1.3374400000000002,1.3453000000000002,2025-10-15T11:10:00,2025-10-16T09:15:00,235.7999999999994,0.0,232.7999999999994,3.0,0.0,1.33341,1.3453500000000003,win,tp,ORB,0,1325.0,195037.22084366222,,2.0,London
21c47183-139e-4b37-b5cb-ea43ce6a1854,GBPUSD,short,0.30000000000000004,1.3416199999999998,1.3455400000000002,2025-10-16T10:00:00,2025-10-17T01:00:00,-117.60000000001105,0.0,-120.60000000001105,3.0,0.0,1.34549,1.3340299999999996,loss,sl,ORB,0,900.0,-101291.98966408533,,2.0,London
84837a10-4b20-411b-9432-f2cd7aafd8c3,GBPUSD,short,0.30000000000000004,1.33229,1.3357900000000003,2025-10-23T10:50:00,2025-10-24T08:30:00,-105.00000000000844,0.0,-108.00000000000844,3.0,0.0,1.3357400000000001,1.32554,loss,sl,ORB,0,1300.0,-101449.27536232182,,2.0,London
ec42d9e8-4bb6-4003-9c75-d68d1a5afbee,GBPUSD,long,0.2,1.3237,1.3193399999999997,2025-10-29T10:35:00,2025-10-29T13:35:00,-87.20000000000726,0.0,-90.20000000000726,3.0,0.0,1.3193899999999998,1.3321700000000003,loss,sl,ORB,0,180.0,-101160.09280742696,,2.0,London
32278cdf-69ac-4e33-a05f-2a17db73ebf4,GBPUSD,long,0.2,1.3149300000000002,1.3106999999999998,2025-11-03T11:30:00,2025-11-04T03:05:00,-84.600000000008,0.0,-87.600000000008,3.0,0.0,1.3107499999999999,1.3231400000000004,loss,sl,ORB,0,935.0,-101196.17224880627,,2.0,London
30ee8c8c-6dd9-4885-8032-556af61c9e40,GBPUSD,short,0.30000000000000004,1.3083799999999999,1.3118900000000002,2025-11-24T10:05:00,2025-11-25T02:30:00,-105.3000000000104,0.0,-108.3000000000104,3.0,0.0,1.3118400000000001,1.3016099999999997,loss,sl,ORB,0,985.0,-101445.08670520526,,2.0,London
2526bd3e-114d-457e-8c55-eac92933c123,GBPUSD,long,0.2,1.32515,1.32089,2025-11-27T10:55:00,2025-11-28T03:10:00,-85.20000000000306,0.0,-88.20000000000306,3.0,0.0,1.32094,1.3334199999999998,loss,sl,ORB,0,975.0,-101187.64845605951,,2.0,London
3a9ccbcc-1410-42ec-b10f-24a073d66689,GBPUSD,long,0.2,1.32467,1.3199699999999999,2025-11-28T11:00:00,2025-12-02T05:00:00,-94.00000000000297,0.0,-97.00000000000297,3.0,0.0,1.32002,1.3338199999999998,loss,sl,ORB,0,5400.0,-101075.26881720655,,2.0,London
a80994ff-e736-4219-8cda-1c723c6ddb9c,GBPUSD,short,0.2,1.33221,1.3363300000000002,2025-12-05T11:10:00,2025-12-10T14:35:00,-82.40000000000691,0.0,-85.40000000000691,3.0,0.0,1.3362800000000001,1.3242199999999997,loss,sl,ORB,0,7405.0,-101228.50122850374,,2.0,London
